file,file_prefix,zip_type,uid
CSM5FZ3N_P.fastq.gz,CSM5FZ3N_P,P,CSM5FZ3N_P
CSM5FZ3R_P.fastq.gz,CSM5FZ3R_P,P,CSM5FZ3R_P
CSM5YRY7_P.fastq.gz,CSM5YRY7_P,P,CSM5YRY7_P
CSM5FZ3V_P.fastq.gz,CSM5FZ3V_P,P,CSM5FZ3V_P
CSM5FZ4C_P.fastq.gz,CSM5FZ4C_P,P,CSM5FZ4C_P
CSM5MCVD_P.fastq.gz,CSM5MCVD_P,P,CSM5MCVD_P
CSM5MCVF_P.fastq.gz,CSM5MCVF_P,P,CSM5MCVF_P
CSM5MCVV_P.fastq.gz,CSM5MCVV_P,P,CSM5MCVV_P
CSM5MCWI_P.fastq.gz,CSM5MCWI_P,P,CSM5MCWI_P
CSM5MCXD.tar,CSM5MCXD,STD,CSM5MCXD
CSM5MCYS.tar,CSM5MCYS,STD,CSM5MCYS
CSM67U9J.tar,CSM67U9J,STD,CSM67U9J
CSM67UA2.tar,CSM67UA2,STD,CSM67UA2
CSM67UGC.tar,CSM67UGC,STD,CSM67UGC
CSM79HG5.tar,CSM79HG5,STD,CSM79HG5
CSM79HGP.tar,CSM79HGP,STD,CSM79HGP
SM-6UG79.tar,SM-6UG79,VIR,SM-6UG79
SM-71WY3.tar,SM-71WY3,VIR,SM-71WY3
SM-7CRX4.tar,SM-7CRX4,VIR,SM-7CRX4
CSM5FZ3T_P.fastq.gz,CSM5FZ3T_P,P,CSM5FZ3T_P
CSM5FZ3X_P.fastq.gz,CSM5FZ3X_P,P,CSM5FZ3X_P
CSM5FZ3Z_P.fastq.gz,CSM5FZ3Z_P,P,CSM5FZ3Z_P
CSM5FZ42_P.fastq.gz,CSM5FZ42_P,P,CSM5FZ42_P
CSM5FZ44_P.fastq.gz,CSM5FZ44_P,P,CSM5FZ44_P
CSM5FZ46_P.fastq.gz,CSM5FZ46_P,P,CSM5FZ46_P
CSM5MCVJ_P.fastq.gz,CSM5MCVJ_P,P,CSM5MCVJ_P
CSM5MCVL.tar,CSM5MCVL,STD,CSM5MCVL
CSM5MCVN.tar,CSM5MCVN,STD,CSM5MCVN
CSM67UBF.tar,CSM67UBF,STD,CSM67UBF
CSM67UBH.tar,CSM67UBH,STD,CSM67UBH
CSM67UBN.tar,CSM67UBN,STD,CSM67UBN
CSM67UBR.tar,CSM67UBR,STD,CSM67UBR
CSM79HJW.tar,CSM79HJW,STD,CSM79HJW
CSM79HJY.tar,CSM79HJY,STD,CSM79HJY
SM-6X9WV.tar,SM-6X9WV,VIR,SM-6X9WV
SM-76CAU.tar,SM-76CAU,VIR,SM-76CAU
SM-7CP3H.tar,SM-7CP3H,VIR,SM-7CP3H
SM-7EWTT.tar,SM-7EWTT,VIR,SM-7EWTT
CSM5FZ4E_P.fastq.gz,CSM5FZ4E_P,P,CSM5FZ4E_P
CSM5FZ4G_P.fastq.gz,CSM5FZ4G_P,P,CSM5FZ4G_P
CSM5FZ4K_P.fastq.gz,CSM5FZ4K_P,P,CSM5FZ4K_P
CSM5FZ4M.tar,CSM5FZ4M,STD,CSM5FZ4M
CSM5MCWM_P.fastq.gz,CSM5MCWM_P,P,CSM5MCWM_P
CSM5MCWQ.tar,CSM5MCWQ,STD,CSM5MCWQ
CSM67UBX.tar,CSM67UBX,STD,CSM67UBX
CSM67UBZ.tar,CSM67UBZ,STD,CSM67UBZ
CSM67UC6.tar,CSM67UC6,STD,CSM67UC6
CSM79HLM.tar,CSM79HLM,STD,CSM79HLM
SM-6OSOR.tar,SM-6OSOR,VIR,SM-6OSOR
SM-6Y2V3.tar,SM-6Y2V3,VIR,SM-6Y2V3
SM-77VQ4.tar,SM-77VQ4,VIR,SM-77VQ4
SM-7EWUL.tar,SM-7EWUL,VIR,SM-7EWUL
CSM5FZ4A_P.fastq.gz,CSM5FZ4A_P,P,CSM5FZ4A_P
CSM5MCU8_P.fastq.gz,CSM5MCU8_P,P,CSM5MCU8_P
CSM5MCUA_P.fastq.gz,CSM5MCUA_P,P,CSM5MCUA_P
CSM5MCUC_P.fastq.gz,CSM5MCUC_P,P,CSM5MCUC_P
CSM5MCUE_P.fastq.gz,CSM5MCUE_P,P,CSM5MCUE_P
CSM5MCXH.tar,CSM5MCXH,STD,CSM5MCXH
CSM5MCXJ.tar,CSM5MCXJ,STD,CSM5MCXJ
CSM5MCXL.tar,CSM5MCXL,STD,CSM5MCXL
CSM5MCXN.tar,CSM5MCXN,STD,CSM5MCXN
CSM5MCXP.tar,CSM5MCXP,STD,CSM5MCXP
CSM5MCXR.tar,CSM5MCXR,STD,CSM5MCXR
CSM67UDF.tar,CSM67UDF,STD,CSM67UDF
CSM67UDJ.tar,CSM67UDJ,STD,CSM67UDJ
CSM67UDN.tar,CSM67UDN,STD,CSM67UDN
CSM67UDR_TR.tar,CSM67UDR_TR,TR,CSM67UDR_TR
CSM67UDR.tar,CSM67UDR,STD,CSM67UDR
CSM67UDY.tar,CSM67UDY,STD,CSM67UDY
CSM79HLA_TR.tar,CSM79HLA_TR,TR,CSM79HLA_TR
CSM79HLA.tar,CSM79HLA,STD,CSM79HLA
CSM79HLG.tar,CSM79HLG,STD,CSM79HLG
CSM79HLE.tar,CSM79HLE,STD,CSM79HLE
CSM79HLC.tar,CSM79HLC,STD,CSM79HLC
CSM79HLI.tar,CSM79HLI,STD,CSM79HLI
CSM79HLK.tar,CSM79HLK,STD,CSM79HLK
SM-6WJN6.tar,SM-6WJN6,VIR,SM-6WJN6
SM-6X9X4.tar,SM-6X9X4,VIR,SM-6X9X4
SM-6YAZO.tar,SM-6YAZO,VIR,SM-6YAZO
SM-6ZKSM.tar,SM-6ZKSM,VIR,SM-6ZKSM
SM-71WXM.tar,SM-71WXM,VIR,SM-71WXM
SM-73JY4.tar,SM-73JY4,VIR,SM-73JY4
SM-76EOJ.tar,SM-76EOJ,VIR,SM-76EOJ
SM-791BX.tar,SM-791BX,VIR,SM-791BX
SM-7BF2J.tar,SM-7BF2J,VIR,SM-7BF2J
SM-7CRJ8.tar,SM-7CRJ8,VIR,SM-7CRJ8
SM-7EWUH.tar,SM-7EWUH,VIR,SM-7EWUH
SM-7GYJO.tar,SM-7GYJO,VIR,SM-7GYJO
SM-7IL1E.tar,SM-7IL1E,VIR,SM-7IL1E
SM-7KPUR.tar,SM-7KPUR,VIR,SM-7KPUR
SM-7MOQJ.tar,SM-7MOQJ,VIR,SM-7MOQJ
CSM5MCUQ_P.fastq.gz,CSM5MCUQ_P,P,CSM5MCUQ_P
CSM5MCUS_P.fastq.gz,CSM5MCUS_P,P,CSM5MCUS_P
CSM5MCUW_P.fastq.gz,CSM5MCUW_P,P,CSM5MCUW_P
CSM5MCUY_P.fastq.gz,CSM5MCUY_P,P,CSM5MCUY_P
CSM5MCY4.tar,CSM5MCY4,STD,CSM5MCY4
CSM5MCY8.tar,CSM5MCY8,STD,CSM5MCY8
CSM67UE3.tar,CSM67UE3,STD,CSM67UE3
CSM67UE7.tar,CSM67UE7,STD,CSM67UE7
CSM67UEA.tar,CSM67UEA,STD,CSM67UEA
CSM67UEM.tar,CSM67UEM,STD,CSM67UEM
CSM67UEI.tar,CSM67UEI,STD,CSM67UEI
CSM79HO1.tar,CSM79HO1,STD,CSM79HO1
SM-6WOCE.tar,SM-6WOCE,VIR,SM-6WOCE
SM-6ZEVI.tar,SM-6ZEVI,VIR,SM-6ZEVI
SM-7AA2E.tar,SM-7AA2E,VIR,SM-7AA2E
SM-7BP5L.tar,SM-7BP5L,VIR,SM-7BP5L
SM-7I1G8.tar,SM-7I1G8,VIR,SM-7I1G8
SM-7K25Z.tar,SM-7K25Z,VIR,SM-7K25Z
CSM5MCTZ_P.fastq.gz,CSM5MCTZ_P,P,CSM5MCTZ_P
CSM5MCUG_P.fastq.gz,CSM5MCUG_P,P,CSM5MCUG_P
CSM5MCUK_P.fastq.gz,CSM5MCUK_P,P,CSM5MCUK_P
CSM5MCUO.tar,CSM5MCUO,STD,CSM5MCUO
CSM5MCX3.tar,CSM5MCX3,STD,CSM5MCX3
CSM67UFV.tar,CSM67UFV,STD,CSM67UFV
CSM67UFZ.tar,CSM67UFZ,STD,CSM67UFZ
CSM67UG8.tar,CSM67UG8,STD,CSM67UG8
CSM79HMN.tar,CSM79HMN,STD,CSM79HMN
CSM79HMP.tar,CSM79HMP,STD,CSM79HMP
CSM79HMT.tar,CSM79HMT,STD,CSM79HMT
SM-6V2CZ.tar,SM-6V2CZ,VIR,SM-6V2CZ
SM-6ZKSZ.tar,SM-6ZKSZ,VIR,SM-6ZKSZ
SM-7BF2O.tar,SM-7BF2O,VIR,SM-7BF2O
SM-7ORRO.tar,SM-7ORRO,VIR,SM-7ORRO
CSM5MCVB_P.fastq.gz,CSM5MCVB_P,P,CSM5MCVB_P
CSM5MCV1_P.fastq.gz,CSM5MCV1_P,P,CSM5MCV1_P
CSM5MCV5_P.fastq.gz,CSM5MCV5_P,P,CSM5MCV5_P
CSM5MCU4_P.fastq.gz,CSM5MCU4_P,P,CSM5MCU4_P
CSM5MCVZ_P.fastq.gz,CSM5MCVZ_P,P,CSM5MCVZ_P
CSM5MCW4_P.fastq.gz,CSM5MCW4_P,P,CSM5MCW4_P
CSM5MCW6.tar,CSM5MCW6,STD,CSM5MCW6
CSM5MCYW.tar,CSM5MCYW,STD,CSM5MCYW
CSM5MCZ3.tar,CSM5MCZ3,STD,CSM5MCZ3
CSM5MCZ5.tar,CSM5MCZ5,STD,CSM5MCZ5
CSM5MCZ7.tar,CSM5MCZ7,STD,CSM5MCZ7
CSM79HKT.tar,CSM79HKT,STD,CSM79HKT
CSM79HKV.tar,CSM79HKV,STD,CSM79HKV
CSM79HQ9.tar,CSM79HQ9,STD,CSM79HQ9
CSM79HQB.tar,CSM79HQB,STD,CSM79HQB
CSM79HQF.tar,CSM79HQF,STD,CSM79HQF
SM-6XSVD.tar,SM-6XSVD,VIR,SM-6XSVD
SM-74Y95.tar,SM-74Y95,VIR,SM-74Y95
SM-7K267.tar,SM-7K267,VIR,SM-7K267
SM-9LB6K.tar,SM-9LB6K,VIR,SM-9LB6K
CSM5MCWA_P.fastq.gz,CSM5MCWA_P,P,CSM5MCWA_P
CSM5MCWC.tar,CSM5MCWC,STD,CSM5MCWC
CSM5MCWE.tar,CSM5MCWE,STD,CSM5MCWE
CSM5MCWG.tar,CSM5MCWG,STD,CSM5MCWG
CSM67UAA.tar,CSM67UAA,STD,CSM67UAA
CSM67UAG.tar,CSM67UAG,STD,CSM67UAG
CSM79HI3.tar,CSM79HI3,STD,CSM79HI3
CSM79HI7.tar,CSM79HI7,STD,CSM79HI7
CSM79HIB.tar,CSM79HIB,STD,CSM79HIB
CSM7KOJE.tar,CSM7KOJE,STD,CSM7KOJE
CSM7KOJG.tar,CSM7KOJG,STD,CSM7KOJG
CSM7KOJO.tar,CSM7KOJO,STD,CSM7KOJO
SM-6X9WZ.tar,SM-6X9WZ,VIR,SM-6X9WZ
SM-6YAZS.tar,SM-6YAZS,VIR,SM-6YAZS
SM-76CAM.tar,SM-76CAM,VIR,SM-76CAM
SM-7EWUE.tar,SM-7EWUE,VIR,SM-7EWUE
SM-7IL1P.tar,SM-7IL1P,VIR,SM-7IL1P
SM-7MCUD.tar,SM-7MCUD,VIR,SM-7MCUD
SM-9HC8A.tar,SM-9HC8A,VIR,SM-9HC8A
SM-9RRZO.tar,SM-9RRZO,VIR,SM-9RRZO
CSM5MCWK_P.fastq.gz,CSM5MCWK_P,P,CSM5MCWK_P
CSM5MCXT.tar,CSM5MCXT,STD,CSM5MCXT
CSM5MCXV.tar,CSM5MCXV,STD,CSM5MCXV
CSM5MCXX_P.fastq.gz,CSM5MCXX_P,P,CSM5MCXX_P
CSM5MCXZ_P.fastq.gz,CSM5MCXZ_P,P,CSM5MCXZ_P
CSM5MCY2.tar,CSM5MCY2,STD,CSM5MCY2
CSM67UCK.tar,CSM67UCK,STD,CSM67UCK
CSM79HK9.tar,CSM79HK9,STD,CSM79HK9
CSM79HKB.tar,CSM79HKB,STD,CSM79HKB
CSM79HOF.tar,CSM79HOF,STD,CSM79HOF
CSM79HOH.tar,CSM79HOH,STD,CSM79HOH
CSM7KOL4.tar,CSM7KOL4,STD,CSM7KOL4
CSM7KOLA.tar,CSM7KOLA,STD,CSM7KOLA
CSM7KOLE.tar,CSM7KOLE,STD,CSM7KOLE
SM-6WU1R.tar,SM-6WU1R,VIR,SM-6WU1R
SM-72PHI.tar,SM-72PHI,VIR,SM-72PHI
SM-7IL1U.tar,SM-7IL1U,VIR,SM-7IL1U
SM-9IT18.tar,SM-9IT18,VIR,SM-9IT18
SM-9QMOQ.tar,SM-9QMOQ,VIR,SM-9QMOQ
SM-9VWCS.tar,SM-9VWCS,VIR,SM-9VWCS
CSM5MCXB_P.fastq.gz,CSM5MCXB_P,P,CSM5MCXB_P
CSM5MCYI_P.fastq.gz,CSM5MCYI_P,P,CSM5MCYI_P
CSM5MCYM_P.fastq.gz,CSM5MCYM_P,P,CSM5MCYM_P
CSM5MCYO_P.fastq.gz,CSM5MCYO_P,P,CSM5MCYO_P
CSM5MCYQ_P.fastq.gz,CSM5MCYQ_P,P,CSM5MCYQ_P
CSM67UEP_P.fastq.gz,CSM67UEP_P,P,CSM67UEP_P
CSM67UET_P.fastq.gz,CSM67UET_P,P,CSM67UET_P
CSM67UEW_TR.tar,CSM67UEW_TR,TR,CSM67UEW_TR
CSM67UEW_P.fastq.gz,CSM67UEW_P,P,CSM67UEW_P
CSM67UEW.tar,CSM67UEW,STD,CSM67UEW
CSM67UF1_P.fastq.gz,CSM67UF1_P,P,CSM67UF1_P
CSM67UF1.tar,CSM67UF1,STD,CSM67UF1
CSM67UF5.tar,CSM67UF5,STD,CSM67UF5
CSM79HM1.tar,CSM79HM1,STD,CSM79HM1
CSM79HQT_P.fastq.gz,CSM79HQT_P,P,CSM79HQT_P
CSM79HM5_P.fastq.gz,CSM79HM5_P,P,CSM79HM5_P
CSM79HM7.tar,CSM79HM7,STD,CSM79HM7
CSM79HM9_P.fastq.gz,CSM79HM9_P,P,CSM79HM9_P
CSM7KOMP.tar,CSM7KOMP,STD,CSM7KOMP
CSM7KOMR_P.fastq.gz,CSM7KOMR_P,P,CSM7KOMR_P
CSM7KOMT.tar,CSM7KOMT,STD,CSM7KOMT
CSM7KOMV_P.fastq.gz,CSM7KOMV_P,P,CSM7KOMV_P
SM-7CM7N.tar,SM-7CM7N,VIR,SM-7CM7N
SM-7FVSR.tar,SM-7FVSR,VIR,SM-7FVSR
SM-9PPV2.tar,SM-9PPV2,VIR,SM-9PPV2
SM-9VE4Z.tar,SM-9VE4Z,VIR,SM-9VE4Z
CSM5MCXF_P.fastq.gz,CSM5MCXF_P,P,CSM5MCXF_P
CSM5MCZB.tar,CSM5MCZB,STD,CSM5MCZB
CSM5MCZD.tar,CSM5MCZD,STD,CSM5MCZD
CSM5MCZF.tar,CSM5MCZF,STD,CSM5MCZF
CSM67U9B.tar,CSM67U9B,STD,CSM67U9B
CSM67U9D.tar,CSM67U9D,STD,CSM67U9D
CSM67UGO.tar,CSM67UGO,STD,CSM67UGO
CSM79HOJ.tar,CSM79HOJ,STD,CSM79HOJ
CSM79HOL.tar,CSM79HOL,STD,CSM79HOL
CSM79HOT.tar,CSM79HOT,STD,CSM79HOT
CSM7KOMX.tar,CSM7KOMX,STD,CSM7KOMX
CSM7KOMZ.tar,CSM7KOMZ,STD,CSM7KOMZ
CSM7KON2.tar,CSM7KON2,STD,CSM7KON2
CSM7KON8.tar,CSM7KON8,STD,CSM7KON8
SM-6ZKSV.tar,SM-6ZKSV,VIR,SM-6ZKSV
SM-6ZT43.tar,SM-6ZT43,VIR,SM-6ZT43
SM-72PHU.tar,SM-72PHU,VIR,SM-72PHU
SM-77FXK.tar,SM-77FXK,VIR,SM-77FXK
SM-7DN3W.tar,SM-7DN3W,VIR,SM-7DN3W
SM-7LDIT.tar,SM-7LDIT,VIR,SM-7LDIT
SM-9SIJ3.tar,SM-9SIJ3,VIR,SM-9SIJ3
SM-9ZA5W.tar,SM-9ZA5W,VIR,SM-9ZA5W
CSM5MCYU_P.fastq.gz,CSM5MCYU_P,P,CSM5MCYU_P
CSM67U9H_P.fastq.gz,CSM67U9H_P,P,CSM67U9H_P
CSM67U9H.tar,CSM67U9H,STD,CSM67U9H
CSM67U9N.tar,CSM67U9N,STD,CSM67U9N
CSM67U9P_P.fastq.gz,CSM67U9P_P,P,CSM67U9P_P
CSM67U9R_P.fastq.gz,CSM67U9R_P,P,CSM67U9R_P
CSM79HGD_P.fastq.gz,CSM79HGD_P,P,CSM79HGD_P
CSM79HGF_P.fastq.gz,CSM79HGF_P,P,CSM79HGF_P
CSM79HGF.tar,CSM79HGF,STD,CSM79HGF
CSM79HGH_P.fastq.gz,CSM79HGH_P,P,CSM79HGH_P
CSM79HGJ_P.fastq.gz,CSM79HGJ_P,P,CSM79HGJ_P
CSM79HGL_P.fastq.gz,CSM79HGL_P,P,CSM79HGL_P
CSM79HGN_P.fastq.gz,CSM79HGN_P,P,CSM79HGN_P
CSM79HPK.tar,CSM79HPK,STD,CSM79HPK
CSM79HPM_P.fastq.gz,CSM79HPM_P,P,CSM79HPM_P
CSM79HPS.tar,CSM79HPS,STD,CSM79HPS
CSM79HPQ_P.fastq.gz,CSM79HPQ_P,P,CSM79HPQ_P
CSM79HPO.tar,CSM79HPO,STD,CSM79HPO
CSM79HPU.tar,CSM79HPU,STD,CSM79HPU
CSM7KONS_P.fastq.gz,CSM7KONS_P,P,CSM7KONS_P
CSM7KONU.tar,CSM7KONU,STD,CSM7KONU
CSM7KONW_P.fastq.gz,CSM7KONW_P,P,CSM7KONW_P
SM-6ZUHG.tar,SM-6ZUHG,VIR,SM-6ZUHG
SM-7DN3O.tar,SM-7DN3O,VIR,SM-7DN3O
SM-7LDJ6.tar,SM-7LDJ6,VIR,SM-7LDJ6
SM-9JY9Z.tar,SM-9JY9Z,VIR,SM-9JY9Z
SM-9SNKS.tar,SM-9SNKS,VIR,SM-9SNKS
CSM67U9T_P.fastq.gz,CSM67U9T_P,P,CSM67U9T_P
CSM67UAK.tar,CSM67UAK,STD,CSM67UAK
CSM67UAM.tar,CSM67UAM,STD,CSM67UAM
CSM67UAO.tar,CSM67UAO,STD,CSM67UAO
CSM67UAQ.tar,CSM67UAQ,STD,CSM67UAQ
CSM67UAS.tar,CSM67UAS,STD,CSM67UAS
CSM79HID.tar,CSM79HID,STD,CSM79HID
CSM79HIF.tar,CSM79HIF,STD,CSM79HIF
CSM79HIH.tar,CSM79HIH,STD,CSM79HIH
CSM79HIJ.tar,CSM79HIJ,STD,CSM79HIJ
CSM79HIL.tar,CSM79HIL,STD,CSM79HIL
CSM79HIN.tar,CSM79HIN,STD,CSM79HIN
CSM7KOJQ.tar,CSM7KOJQ,STD,CSM7KOJQ
CSM7KOJS.tar,CSM7KOJS,STD,CSM7KOJS
CSM7KOJU.tar,CSM7KOJU,STD,CSM7KOJU
CSM7KOJW.tar,CSM7KOJW,STD,CSM7KOJW
CSM7KOJY.tar,CSM7KOJY,STD,CSM7KOJY
CSM7KOK1.tar,CSM7KOK1,STD,CSM7KOK1
CSM7KOPG.tar,CSM7KOPG,STD,CSM7KOPG
CSM7KOPI.tar,CSM7KOPI,STD,CSM7KOPI
CSM7KOPK.tar,CSM7KOPK,STD,CSM7KOPK
CSM7KOPM.tar,CSM7KOPM,STD,CSM7KOPM
CSM7KOPO.tar,CSM7KOPO,STD,CSM7KOPO
SM-74Y8S.tar,SM-74Y8S,VIR,SM-74Y8S
SM-76CAQ.tar,SM-76CAQ,VIR,SM-76CAQ
SM-7EDB2.tar,SM-7EDB2,VIR,SM-7EDB2
SM-7M8SX.tar,SM-7M8SX,VIR,SM-7M8SX
SM-9WOBU.tar,SM-9WOBU,VIR,SM-9WOBU
CSM67U9V_P.fastq.gz,CSM67U9V_P,P,CSM67U9V_P
CSM67UAU.tar,CSM67UAU,STD,CSM67UAU
CSM67UAW.tar,CSM67UAW,STD,CSM67UAW
CSM67UAY.tar,CSM67UAY,STD,CSM67UAY
CSM67UB1.tar,CSM67UB1,STD,CSM67UB1
CSM67UB3.tar,CSM67UB3,STD,CSM67UB3
CSM79HIR.tar,CSM79HIR,STD,CSM79HIR
CSM79HIT.tar,CSM79HIT,STD,CSM79HIT
CSM79HIV.tar,CSM79HIV,STD,CSM79HIV
CSM79HIX.tar,CSM79HIX,STD,CSM79HIX
CSM79HIZ.tar,CSM79HIZ,STD,CSM79HIZ
CSM7KOK3.tar,CSM7KOK3,STD,CSM7KOK3
CSM7KOK5.tar,CSM7KOK5,STD,CSM7KOK5
CSM7KOK7.tar,CSM7KOK7,STD,CSM7KOK7
CSM7KOKB.tar,CSM7KOKB,STD,CSM7KOKB
CSM7KOKD.tar,CSM7KOKD,STD,CSM7KOKD
CSM7KOPS.tar,CSM7KOPS,STD,CSM7KOPS
CSM7KOPU.tar,CSM7KOPU,STD,CSM7KOPU
CSM7KOPW.tar,CSM7KOPW,STD,CSM7KOPW
CSM7KOQ1.tar,CSM7KOQ1,STD,CSM7KOQ1
SM-73JXY.tar,SM-73JXY,VIR,SM-73JXY
SM-76EON.tar,SM-76EON,VIR,SM-76EON
SM-791BO.tar,SM-791BO,VIR,SM-791BO
SM-7CRX7.tar,SM-7CRX7,VIR,SM-7CRX7
SM-7F43V.tar,SM-7F43V,VIR,SM-7F43V
SM-7HAI3.tar,SM-7HAI3,VIR,SM-7HAI3
SM-7IWFI.tar,SM-7IWFI,VIR,SM-7IWFI
SM-7L29M.tar,SM-7L29M,VIR,SM-7L29M
SM-7MCUT.tar,SM-7MCUT,VIR,SM-7MCUT
SM-9PJ1H.tar,SM-9PJ1H,VIR,SM-9PJ1H
SM-9RYIR.tar,SM-9RYIR,VIR,SM-9RYIR
SM-9UW5R.tar,SM-9UW5R,VIR,SM-9UW5R
SM-9WO25.tar,SM-9WO25,VIR,SM-9WO25
SM-9Y7E4.tar,SM-9Y7E4,VIR,SM-9Y7E4
SM-A18Z6.tar,SM-A18Z6,VIR,SM-A18Z6
SM-A61QH.tar,SM-A61QH,VIR,SM-A61QH
CSM67U9X_P.fastq.gz,CSM67U9X_P,P,CSM67U9X_P
CSM67UB5_P.fastq.gz,CSM67UB5_P,P,CSM67UB5_P
CSM67UB7_P.fastq.gz,CSM67UB7_P,P,CSM67UB7_P
CSM67UB9_P.fastq.gz,CSM67UB9_P,P,CSM67UB9_P
CSM67UB9.tar,CSM67UB9,STD,CSM67UB9
CSM67UBB.tar,CSM67UBB,STD,CSM67UBB
CSM79HJ2_P.fastq.gz,CSM79HJ2_P,P,CSM79HJ2_P
CSM79HJ4_P.fastq.gz,CSM79HJ4_P,P,CSM79HJ4_P
CSM79HJ6_P.fastq.gz,CSM79HJ6_P,P,CSM79HJ6_P
CSM79HJ8_P.fastq.gz,CSM79HJ8_P,P,CSM79HJ8_P
CSM79HJA.tar,CSM79HJA,STD,CSM79HJA
CSM79HJC_P.fastq.gz,CSM79HJC_P,P,CSM79HJC_P
CSM7KOKF.tar,CSM7KOKF,STD,CSM7KOKF
CSM7KOKH_P.fastq.gz,CSM7KOKH_P,P,CSM7KOKH_P
CSM7KOKJ.tar,CSM7KOKJ,STD,CSM7KOKJ
CSM7KOKL_P.fastq.gz,CSM7KOKL_P,P,CSM7KOKL_P
CSM7KOKN.tar,CSM7KOKN,STD,CSM7KOKN
CSM7KOKP_P.fastq.gz,CSM7KOKP_P,P,CSM7KOKP_P
CSM7KOQX.tar,CSM7KOQX,STD,CSM7KOQX
CSM7KOQZ_P.fastq.gz,CSM7KOQZ_P,P,CSM7KOQZ_P
CSM7KOR2.tar,CSM7KOR2,STD,CSM7KOR2
CSM7KOR4_P.fastq.gz,CSM7KOR4_P,P,CSM7KOR4_P
CSM7KOR8_P.fastq.gz,CSM7KOR8_P,P,CSM7KOR8_P
SM-791C2.tar,SM-791C2,VIR,SM-791C2
SM-7CRJC.tar,SM-7CRJC,VIR,SM-7CRJC
SM-7KPVK.tar,SM-7KPVK,VIR,SM-7KPVK
SM-9JUDG.tar,SM-9JUDG,VIR,SM-9JUDG
SM-9OS8F.tar,SM-9OS8F,VIR,SM-9OS8F
SM-9Y7D8.tar,SM-9Y7D8,VIR,SM-9Y7D8
CSM67UCU_P.fastq.gz,CSM67UCU_P,P,CSM67UCU_P
CSM67UAI_P.fastq.gz,CSM67UAI_P,P,CSM67UAI_P
CSM79HHO.tar,CSM79HHO,STD,CSM79HHO
CSM79HHM.tar,CSM79HHM,STD,CSM79HHM
CSM79HHU.tar,CSM79HHU,STD,CSM79HHU
CSM79HN2.tar,CSM79HN2,STD,CSM79HN2
CSM79HN6.tar,CSM79HN6,STD,CSM79HN6
CSM7KOLK.tar,CSM7KOLK,STD,CSM7KOLK
CSM7KOLM.tar,CSM7KOLM,STD,CSM7KOLM
CSM7KOSV.tar,CSM7KOSV,STD,CSM7KOSV
CSM7KOSX.tar,CSM7KOSX,STD,CSM7KOSX
SM-7D34P.tar,SM-7D34P,VIR,SM-7D34P
SM-7F444.tar,SM-7F444,VIR,SM-7F444
SM-7HXKA.tar,SM-7HXKA,VIR,SM-7HXKA
SM-7NSOY.tar,SM-7NSOY,VIR,SM-7NSOY
SM-9RD3E.tar,SM-9RD3E,VIR,SM-9RD3E
SM-9ZE8U.tar,SM-9ZE8U,VIR,SM-9ZE8U
SM-A1HUO.tar,SM-A1HUO,VIR,SM-A1HUO
CSM67UH7.tar,CSM67UH7,STD,CSM67UH7
CSM79HGR_P.fastq.gz,CSM79HGR_P,P,CSM79HGR_P
CSM79HGV_P.fastq.gz,CSM79HGV_P,P,CSM79HGV_P
CSM79HGX.tar,CSM79HGX,STD,CSM79HGX
CSM79HGZ.tar,CSM79HGZ,STD,CSM79HGZ
CSM79HOV.tar,CSM79HOV,STD,CSM79HOV
CSM79HOX.tar,CSM79HOX,STD,CSM79HOX
CSM79HOZ.tar,CSM79HOZ,STD,CSM79HOZ
CSM79HP2.tar,CSM79HP2,STD,CSM79HP2
CSM79HP4.tar,CSM79HP4,STD,CSM79HP4
CSM79HP6.tar,CSM79HP6,STD,CSM79HP6
CSM7KOOH.tar,CSM7KOOH,STD,CSM7KOOH
CSM7KOOJ.tar,CSM7KOOJ,STD,CSM7KOOJ
CSM7KOOL.tar,CSM7KOOL,STD,CSM7KOOL
CSM7KOON.tar,CSM7KOON,STD,CSM7KOON
CSM7KOOP.tar,CSM7KOOP,STD,CSM7KOOP
CSM7KOOR.tar,CSM7KOOR,STD,CSM7KOOR
CSMA8M9R.tar,CSMA8M9R,STD,CSMA8M9R
CSMAAEUA.tar,CSMAAEUA,STD,CSMAAEUA
CSMAE44D.tar,CSMAE44D,STD,CSMAE44D
CSMAG78W.tar,CSMAG78W,STD,CSMAG78W
CSMAHYLR.tar,CSMAHYLR,STD,CSMAHYLR
SM-7H4HE.tar,SM-7H4HE,VIR,SM-7H4HE
SM-7IWFB.tar,SM-7IWFB,VIR,SM-7IWFB
SM-7ORRS.tar,SM-7ORRS,VIR,SM-7ORRS
SM-9KOPT.tar,SM-9KOPT,VIR,SM-9KOPT
SM-9SD8W.tar,SM-9SD8W,VIR,SM-9SD8W
SM-A3J7G.tar,SM-A3J7G,VIR,SM-A3J7G
SM-AG791.tar,SM-AG791,VIR,SM-AG791
CSM79HH2_P.fastq.gz,CSM79HH2_P,P,CSM79HH2_P
CSM79HH4.tar,CSM79HH4,STD,CSM79HH4
CSM79HH8.tar,CSM79HH8,STD,CSM79HH8
CSM79HHA.tar,CSM79HHA,STD,CSM79HHA
CSM79HPA_TR.tar,CSM79HPA_TR,TR,CSM79HPA_TR
CSM79HPA.tar,CSM79HPA,STD,CSM79HPA
CSM79HPC.tar,CSM79HPC,STD,CSM79HPC
CSM7KONA.tar,CSM7KONA,STD,CSM7KONA
CSM7KONK.tar,CSM7KONK,STD,CSM7KONK
CSM7KOTA.tar,CSM7KOTA,STD,CSM7KOTA
CSM7KOTC.tar,CSM7KOTC,STD,CSM7KOTC
CSM7KOTK.tar,CSM7KOTK,STD,CSM7KOTK
SM-7EDAY.tar,SM-7EDAY,VIR,SM-7EDAY
SM-7GYK1.tar,SM-7GYK1,VIR,SM-7GYK1
SM-7M8RY.tar,SM-7M8RY,VIR,SM-7M8RY
SM-7ORRI.tar,SM-7ORRI,VIR,SM-7ORRI
SM-9RRZK.tar,SM-9RRZK,VIR,SM-9RRZK
SM-A12L1.tar,SM-A12L1,VIR,SM-A12L1
SM-A5QM2.tar,SM-A5QM2,VIR,SM-A5QM2
SM-AFSIL.tar,SM-AFSIL,VIR,SM-AFSIL
CSM79HG7_P.fastq.gz,CSM79HG7_P,P,CSM79HG7_P
CSM79HHW_P.fastq.gz,CSM79HHW_P,P,CSM79HHW_P
CSM79HHW.tar,CSM79HHW,STD,CSM79HHW
CSM79HJM.tar,CSM79HJM,STD,CSM79HJM
CSM79HJO.tar,CSM79HJO,STD,CSM79HJO
CSM79HJQ.tar,CSM79HJQ,STD,CSM79HJQ
CSM79HJS.tar,CSM79HJS,STD,CSM79HJS
CSM79HJU.tar,CSM79HJU,STD,CSM79HJU
CSM79HQV.tar,CSM79HQV,STD,CSM79HQV
CSM79HQX.tar,CSM79HQX,STD,CSM79HQX
CSM79HQZ.tar,CSM79HQZ,STD,CSM79HQZ
CSM79HR2.tar,CSM79HR2,STD,CSM79HR2
CSM79HR4.tar,CSM79HR4,STD,CSM79HR4
CSM79HR6.tar,CSM79HR6,STD,CSM79HR6
CSM7KOOT.tar,CSM7KOOT,STD,CSM7KOOT
CSM7KOOV.tar,CSM7KOOV,STD,CSM7KOOV
CSM7KOOX.tar,CSM7KOOX,STD,CSM7KOOX
CSM7KOOZ.tar,CSM7KOOZ,STD,CSM7KOOZ
CSM7KOP2.tar,CSM7KOP2,STD,CSM7KOP2
CSMA88CB.tar,CSMA88CB,STD,CSMA88CB
CSMA9J65.tar,CSMA9J65,STD,CSMA9J65
CSMACTZP.tar,CSMACTZP,STD,CSMACTZP
CSMAF72L.tar,CSMAF72L,STD,CSMAF72L
CSMAH393.tar,CSMAH393,STD,CSMAH393
CSMAIG7X.tar,CSMAIG7X,STD,CSMAIG7X
SM-7EWUT.tar,SM-7EWUT,VIR,SM-7EWUT
SM-7FK4R.tar,SM-7FK4R,VIR,SM-7FK4R
SM-7K1V8.tar,SM-7K1V8,VIR,SM-7K1V8
SM-9KONQ.tar,SM-9KONQ,VIR,SM-9KONQ
SM-9QMNN.tar,SM-9QMNN,VIR,SM-9QMNN
SM-9W3B5.tar,SM-9W3B5,VIR,SM-9W3B5
SM-A9J9P.tar,SM-A9J9P,VIR,SM-A9J9P
SM-AIG8N.tar,SM-AIG8N,VIR,SM-AIG8N
CSM79HKX.tar,CSM79HKX,STD,CSM79HKX
CSM79HKZ.tar,CSM79HKZ,STD,CSM79HKZ
CSM79HL4.tar,CSM79HL4,STD,CSM79HL4
CSM79HL6.tar,CSM79HL6,STD,CSM79HL6
CSM7KOKR.tar,CSM7KOKR,STD,CSM7KOKR
CSM7KOKT.tar,CSM7KOKT,STD,CSM7KOKT
CSM7KOKZ.tar,CSM7KOKZ,STD,CSM7KOKZ
CSM7KOL2.tar,CSM7KOL2,STD,CSM7KOL2
CSM7KORC.tar,CSM7KORC,STD,CSM7KORC
CSM7KORK.tar,CSM7KORK,STD,CSM7KORK
CSM7KORI.tar,CSM7KORI,STD,CSM7KORI
CSM7KORG.tar,CSM7KORG,STD,CSM7KORG
SM-7LDIY.tar,SM-7LDIY,VIR,SM-7LDIY
SM-9J5JL.tar,SM-9J5JL,VIR,SM-9J5JL
SM-9T55N.tar,SM-9T55N,VIR,SM-9T55N
SM-9Y4A9.tar,SM-9Y4A9,VIR,SM-9Y4A9
SM-A8XLN.tar,SM-A8XLN,VIR,SM-A8XLN
SM-AEYQ9.tar,SM-AEYQ9,VIR,SM-AEYQ9
CSM79HNE.tar,CSM79HNE,STD,CSM79HNE
CSM79HNG_P.fastq.gz,CSM79HNG_P,P,CSM79HNG_P
CSM79HNI.tar,CSM79HNI,STD,CSM79HNI
CSM79HNK.tar,CSM79HNK,STD,CSM79HNK
CSM79HNM.tar,CSM79HNM,STD,CSM79HNM
CSM7KOLY.tar,CSM7KOLY,STD,CSM7KOLY
CSM7KOS7.tar,CSM7KOS7,STD,CSM7KOS7
CSM7KOSH.tar,CSM7KOSH,STD,CSM7KOSH
CSM9X1Y5.tar,CSM9X1Y5,STD,CSM9X1Y5
SM-9SIJ7.tar,SM-9SIJ7,VIR,SM-9SIJ7
SM-A1ZVM.tar,SM-A1ZVM,VIR,SM-A1ZVM
SM-AGUNO.tar,SM-AGUNO,VIR,SM-AGUNO
CSM79HJI_P.fastq.gz,CSM79HJI_P,P,CSM79HJI_P
CSM79HNO.tar,CSM79HNO,STD,CSM79HNO
CSM79HNU.tar,CSM79HNU,STD,CSM79HNU
CSM79HNW.tar,CSM79HNW,STD,CSM79HNW
CSM7KOMB.tar,CSM7KOMB,STD,CSM7KOMB
CSM7KOMH.tar,CSM7KOMH,STD,CSM7KOMH
CSM7KOSL.tar,CSM7KOSL,STD,CSM7KOSL
CSM7KOSP.tar,CSM7KOSP,STD,CSM7KOSP
CSM7KOST.tar,CSM7KOST,STD,CSM7KOST
CSM7KOSJ.tar,CSM7KOSJ,STD,CSM7KOSJ
SM-7K1WM.tar,SM-7K1WM,VIR,SM-7K1WM
SM-7LDJA.tar,SM-7LDJA,VIR,SM-7LDJA
SM-7R3AL.tar,SM-7R3AL,VIR,SM-7R3AL
SM-9RD3I.tar,SM-9RD3I,VIR,SM-9RD3I
SM-A1ZX8.tar,SM-A1ZX8,VIR,SM-A1ZX8
SM-A77UX.tar,SM-A77UX,VIR,SM-A77UX
CSM79HNY_P.fastq.gz,CSM79HNY_P,P,CSM79HNY_P
CSM79HR8.tar,CSM79HR8,STD,CSM79HR8
CSM79HRC.tar,CSM79HRC,STD,CSM79HRC
CSM79HRE.tar,CSM79HRE,STD,CSM79HRE
CSM79HRG.tar,CSM79HRG,STD,CSM79HRG
CSM7KOO5.tar,CSM7KOO5,STD,CSM7KOO5
CSM7KOO9.tar,CSM7KOO9,STD,CSM7KOO9
CSM7KOOD.tar,CSM7KOOD,STD,CSM7KOOD
CSM7KOOF.tar,CSM7KOOF,STD,CSM7KOOF
CSM9X1Z4.tar,CSM9X1Z4,STD,CSM9X1Z4
CSM9X1ZC.tar,CSM9X1ZC,STD,CSM9X1ZC
SM-9HV41.tar,SM-9HV41,VIR,SM-9HV41
SM-9JYAT.tar,SM-9JYAT,VIR,SM-9JYAT
SM-9O9QZ.tar,SM-9O9QZ,VIR,SM-9O9QZ
SM-9SVR3.tar,SM-9SVR3,VIR,SM-9SVR3
SM-9YTMB.tar,SM-9YTMB,VIR,SM-9YTMB
SM-A55Y2.tar,SM-A55Y2,VIR,SM-A55Y2
SM-AFSIQ.tar,SM-AFSIQ,VIR,SM-AFSIQ
SM-ALGUT.tar,SM-ALGUT,VIR,SM-ALGUT
SM-AVPGY.tar,SM-AVPGY,VIR,SM-AVPGY
CSM7KOP6.tar,CSM7KOP6,STD,CSM7KOP6
CSM7KOP8.tar,CSM7KOP8,STD,CSM7KOP8
CSM7KOPE.tar,CSM7KOPE,STD,CSM7KOPE
CSM7KOU7_P.fastq.gz,CSM7KOU7_P,P,CSM7KOU7_P
CSM7KOU9.tar,CSM7KOU9,STD,CSM7KOU9
CSM7KOUB.tar,CSM7KOUB,STD,CSM7KOUB
CSM9X1ZO.tar,CSM9X1ZO,STD,CSM9X1ZO
CSM9X1ZQ.tar,CSM9X1ZQ,STD,CSM9X1ZQ
CSM9X1ZY.tar,CSM9X1ZY,STD,CSM9X1ZY
CSM9X22G.tar,CSM9X22G,STD,CSM9X22G
CSM9X22I.tar,CSM9X22I,STD,CSM9X22I
CSM9X22K.tar,CSM9X22K,STD,CSM9X22K
SM-9ZEPB.tar,SM-9ZEPB,VIR,SM-9ZEPB
SM-A7J1W.tar,SM-A7J1W,VIR,SM-A7J1W
SM-AY1XU.tar,SM-AY1XU,VIR,SM-AY1XU
CSM7KOQP_P.fastq.gz,CSM7KOQP_P,P,CSM7KOQP_P
CSM79HQR_P.fastq.gz,CSM79HQR_P,P,CSM79HQR_P
CSM7KORO.tar,CSM7KORO,STD,CSM7KORO
CSM7KORM.tar,CSM7KORM,STD,CSM7KORM
CSM7KORU.tar,CSM7KORU,STD,CSM7KORU
CSM7KORS.tar,CSM7KORS,STD,CSM7KORS
CSM9X1XU.tar,CSM9X1XU,STD,CSM9X1XU
CSM9X1Y3.tar,CSM9X1Y3,STD,CSM9X1Y3
CSM9X21J.tar,CSM9X21J,STD,CSM9X21J
CSM9X21L.tar,CSM9X21L,STD,CSM9X21L
CSM9X21N.tar,CSM9X21N,STD,CSM9X21N
SM-9WOBW.tar,SM-9WOBW,VIR,SM-9WOBW
SM-9Y7E9.tar,SM-9Y7E9,VIR,SM-9Y7E9
SM-A3743.tar,SM-A3743,VIR,SM-A3743
SM-AEB6V.tar,SM-AEB6V,VIR,SM-AEB6V
SM-ANU6U.tar,SM-ANU6U,VIR,SM-ANU6U
SM-AVADM.tar,SM-AVADM,VIR,SM-AVADM
CSM7KOTO.tar,CSM7KOTO,STD,CSM7KOTO
CSM7KOTQ.tar,CSM7KOTQ,STD,CSM7KOTQ
CSM7KOTS.tar,CSM7KOTS,STD,CSM7KOTS
CSM7KOTU.tar,CSM7KOTU,STD,CSM7KOTU
CSM9X1YV.tar,CSM9X1YV,STD,CSM9X1YV
CSM9X21R.tar,CSM9X21R,STD,CSM9X21R
CSM9X21T.tar,CSM9X21T,STD,CSM9X21T
CSM9X222.tar,CSM9X222,STD,CSM9X222
CSM9X233.tar,CSM9X233,STD,CSM9X233
CSM9X235.tar,CSM9X235,STD,CSM9X235
CSM9X237.tar,CSM9X237,STD,CSM9X237
CSM9X23B.tar,CSM9X23B,STD,CSM9X23B
SM-A8MIU.tar,SM-A8MIU,VIR,SM-A8MIU
SM-AC5QV.tar,SM-AC5QV,VIR,SM-AC5QV
SM-AFSIF.tar,SM-AFSIF,VIR,SM-AFSIF
SM-AJDM7.tar,SM-AJDM7,VIR,SM-AJDM7
SM-BXXS9.tar,SM-BXXS9,VIR,SM-BXXS9
SM-C1WB3.tar,SM-C1WB3,VIR,SM-C1WB3
SM-CH32O.tar,SM-CH32O,VIR,SM-CH32O
CSM7KOQ5_P.fastq.gz,CSM7KOQ5_P,P,CSM7KOQ5_P
CSM7KOUJ_P.fastq.gz,CSM7KOUJ_P,P,CSM7KOUJ_P
CSM7KOUL.tar,CSM7KOUL,STD,CSM7KOUL
CSM7KOUN.tar,CSM7KOUN,STD,CSM7KOUN
CSM9X219.tar,CSM9X219,STD,CSM9X219
CSM9X213.tar,CSM9X213,STD,CSM9X213
CSM9X215.tar,CSM9X215,STD,CSM9X215
CSM9X211.tar,CSM9X211,STD,CSM9X211
CSM9X22S.tar,CSM9X22S,STD,CSM9X22S
CSM9X22U.tar,CSM9X22U,STD,CSM9X22U
CSM9X23H.tar,CSM9X23H,STD,CSM9X23H
CSM9X23N.tar,CSM9X23N,STD,CSM9X23N
SM-A47S2.tar,SM-A47S2,VIR,SM-A47S2
SM-A9F74.tar,SM-A9F74,VIR,SM-A9F74
SM-AF6NS.tar,SM-AF6NS,VIR,SM-AF6NS
SM-AGUNG.tar,SM-AGUNG,VIR,SM-AGUNG
SM-B2OQT.tar,SM-B2OQT,VIR,SM-B2OQT
SM-B5F9D.tar,SM-B5F9D,VIR,SM-B5F9D
SM-CF3XF.tar,SM-CF3XF,VIR,SM-CF3XF
SM-CL4HS.tar,SM-CL4HS,VIR,SM-CL4HS
ESM5MEDZ_P.fastq.gz,ESM5MEDZ_P,P,ESM5MEDZ_P
ESM5MEE2_P.fastq.gz,ESM5MEE2_P,P,ESM5MEE2_P
HSM5MEE5_P.fastq.gz,HSM5MEE5_P,P,HSM5MEE5_P
ESM5MEE6_P.fastq.gz,ESM5MEE6_P,P,ESM5MEE6_P
ESM5ME9D_P.fastq.gz,ESM5ME9D_P,P,ESM5ME9D_P
ESM5ME9G_P.fastq.gz,ESM5ME9G_P,P,ESM5ME9G_P
ESM5MEBA_P.fastq.gz,ESM5MEBA_P,P,ESM5MEBA_P
ESM5MEBE.tar,ESM5MEBE,STD,ESM5MEBE
ESM5GEXY.tar,ESM5GEXY,STD,ESM5GEXY
ESM5MEBG.tar,ESM5MEBG,STD,ESM5MEBG
ESM5MECQ.tar,ESM5MECQ,STD,ESM5MECQ
ESM5MEBI.tar,ESM5MEBI,STD,ESM5MEBI
ESM5MECL.tar,ESM5MECL,STD,ESM5MECL
SM-6ZKS7.tar,SM-6ZKS7,VIR,SM-6ZKS7
SM-76ENX.tar,SM-76ENX,VIR,SM-76ENX
SM-7DGV6.tar,SM-7DGV6,VIR,SM-7DGV6
ESM5GEYU_P.fastq.gz,ESM5GEYU_P,P,ESM5GEYU_P
ESM5GEZ1_P.fastq.gz,ESM5GEZ1_P,P,ESM5GEZ1_P
ESM5GEZ3_P.fastq.gz,ESM5GEZ3_P,P,ESM5GEZ3_P
ESM5MEBP_P.fastq.gz,ESM5MEBP_P,P,ESM5MEBP_P
ESM5ME9H_P.fastq.gz,ESM5ME9H_P,P,ESM5ME9H_P
ESM5GEYX_P.fastq.gz,ESM5GEYX_P,P,ESM5GEYX_P
ESM5MEEJ_P.fastq.gz,ESM5MEEJ_P,P,ESM5MEEJ_P
ESM5GEZ4_P.fastq.gz,ESM5GEZ4_P,P,ESM5GEZ4_P
ESM5GEZ6_P.fastq.gz,ESM5GEZ6_P,P,ESM5GEZ6_P
ESM5GEZA_P.fastq.gz,ESM5GEZA_P,P,ESM5GEZA_P
ESM5MEBS.tar,ESM5MEBS,STD,ESM5MEBS
ESM5MEBU.tar,ESM5MEBU,STD,ESM5MEBU
ESM5MEC3.tar,ESM5MEC3,STD,ESM5MEC3
ESM5MEC5.tar,ESM5MEC5,STD,ESM5MEC5
ESM5MEDU.tar,ESM5MEDU,STD,ESM5MEDU
ESM5MEC9.tar,ESM5MEC9,STD,ESM5MEC9
ESM718SY.tar,ESM718SY,STD,ESM718SY
ESM5ME9U.tar,ESM5ME9U,STD,ESM5ME9U
SM-6V2DC.tar,SM-6V2DC,VIR,SM-6V2DC
SM-6XJTO.tar,SM-6XJTO,VIR,SM-6XJTO
SM-7LDIM.tar,SM-7LDIM,VIR,SM-7LDIM
ESM5GEYY_P.fastq.gz,ESM5GEYY_P,P,ESM5GEYY_P
ESM5GEYW_P.fastq.gz,ESM5GEYW_P,P,ESM5GEYW_P
ESM5MEAB_P.fastq.gz,ESM5MEAB_P,P,ESM5MEAB_P
ESM5MEA7_P.fastq.gz,ESM5MEA7_P,P,ESM5MEA7_P
ESM5MEA9_P.fastq.gz,ESM5MEA9_P,P,ESM5MEA9_P
ESM5MEDN.tar,ESM5MEDN,STD,ESM5MEDN
ESM5MEDP_P.fastq.gz,ESM5MEDP_P,P,ESM5MEDP_P
ESM5MEDK.tar,ESM5MEDK,STD,ESM5MEDK
ESM5MEDD.tar,ESM5MEDD,STD,ESM5MEDD
ESM5MEDF.tar,ESM5MEDF,STD,ESM5MEDF
ESM718UH.tar,ESM718UH,STD,ESM718UH
ESM7F5AK.tar,ESM7F5AK,STD,ESM7F5AK
ESM7F5AM.tar,ESM7F5AM,STD,ESM7F5AM
ESM7F5CB.tar,ESM7F5CB,STD,ESM7F5CB
ESM7F5CD.tar,ESM7F5CD,STD,ESM7F5CD
ESM7F5CF.tar,ESM7F5CF,STD,ESM7F5CF
SM-6X9WB.tar,SM-6X9WB,VIR,SM-6X9WB
SM-74Y6X.tar,SM-74Y6X,VIR,SM-74Y6X
SM-9HC7V.tar,SM-9HC7V,VIR,SM-9HC7V
ESM5MEB9_P.fastq.gz,ESM5MEB9_P,P,ESM5MEB9_P
ESM5MEB7.tar,ESM5MEB7,STD,ESM5MEB7
ESM5MED2.tar,ESM5MED2,STD,ESM5MED2
ESM718V8.tar,ESM718V8,STD,ESM718V8
ESM718V4.tar,ESM718V4,STD,ESM718V4
ESM718TK.tar,ESM718TK,STD,ESM718TK
ESM718TM.tar,ESM718TM,STD,ESM718TM
ESM718TF.tar,ESM718TF,STD,ESM718TF
ESM718T9.tar,ESM718T9,STD,ESM718T9
ESM718T7.tar,ESM718T7,STD,ESM718T7
ESM7F5C5.tar,ESM7F5C5,STD,ESM7F5C5
ESM7F5C7.tar,ESM7F5C7,STD,ESM7F5C7
ESM9IEP1.tar,ESM9IEP1,STD,ESM9IEP1
SM-6ZUH7.tar,SM-6ZUH7,VIR,SM-6ZUH7
SM-72XH2.tar,SM-72XH2,VIR,SM-72XH2
SM-77M5L.tar,SM-77M5L,VIR,SM-77M5L
SM-7E7H6.tar,SM-7E7H6,VIR,SM-7E7H6
SM-7K1V4.tar,SM-7K1V4,VIR,SM-7K1V4
SM-7PO8P.tar,SM-7PO8P,VIR,SM-7PO8P
SM-9JG91.tar,SM-9JG91,VIR,SM-9JG91
ESM7F5AE_P.fastq.gz,ESM7F5AE_P,P,ESM7F5AE_P
ESM5MEC7_P.fastq.gz,ESM5MEC7_P,P,ESM5MEC7_P
ESM718U9_P.fastq.gz,ESM718U9_P,P,ESM718U9_P
HSM5FZBQ_P.fastq.gz,HSM5FZBQ_P,P,HSM5FZBQ_P
HSM5FZBR_P.fastq.gz,HSM5FZBR_P,P,HSM5FZBR_P
HSM5FZBP_P.fastq.gz,HSM5FZBP_P,P,HSM5FZBP_P
HSM5MD7W_P.fastq.gz,HSM5MD7W_P,P,HSM5MD7W_P
HSM5MD5H_P.fastq.gz,HSM5MD5H_P,P,HSM5MD5H_P
HSM5MD5K_P.fastq.gz,HSM5MD5K_P,P,HSM5MD5K_P
HSM5FZC2_P.fastq.gz,HSM5FZC2_P,P,HSM5FZC2_P
HSM5FZBZ.tar,HSM5FZBZ,STD,HSM5FZBZ
HSM5MD7J.tar,HSM5MD7J,STD,HSM5MD7J
HSM5MD79.tar,HSM5MD79,STD,HSM5MD79
HSM67VDZ.tar,HSM67VDZ,STD,HSM67VDZ
HSM67VE4.tar,HSM67VE4,STD,HSM67VE4
SM-6T7W7.tar,SM-6T7W7,VIR,SM-6T7W7
SM-6ZEU9.tar,SM-6ZEU9,VIR,SM-6ZEU9
SM-7DGUP.tar,SM-7DGUP,VIR,SM-7DGUP
HSM5MD4U_P.fastq.gz,HSM5MD4U_P,P,HSM5MD4U_P
HSM5MD4W_P.fastq.gz,HSM5MD4W_P,P,HSM5MD4W_P
HSM5MD4Y.tar,HSM5MD4Y,STD,HSM5MD4Y
HSM5MD53.tar,HSM5MD53,STD,HSM5MD53
HSM5MD5P.tar,HSM5MD5P,STD,HSM5MD5P
HSM6XRSG.tar,HSM6XRSG,STD,HSM6XRSG
HSM6XRSI.tar,HSM6XRSI,STD,HSM6XRSI
HSM67VDP.tar,HSM67VDP,STD,HSM67VDP
HSM7CYZT.tar,HSM7CYZT,STD,HSM7CYZT
HSM7CYZV.tar,HSM7CYZV,STD,HSM7CYZV
HSM7CZ14.tar,HSM7CZ14,STD,HSM7CZ14
SM-6ZEUH.tar,SM-6ZEUH,VIR,SM-6ZEUH
SM-77M6B.tar,SM-77M6B,VIR,SM-77M6B
SM-7AA27.tar,SM-7AA27,VIR,SM-7AA27
SM-7HXJV.tar,SM-7HXJV,VIR,SM-7HXJV
SM-9ISZZ.tar,SM-9ISZZ,VIR,SM-9ISZZ
HSM5MD4B_P.fastq.gz,HSM5MD4B_P,P,HSM5MD4B_P
HSM5MD4A_P.fastq.gz,HSM5MD4A_P,P,HSM5MD4A_P
HSM5MD49_P.fastq.gz,HSM5MD49_P,P,HSM5MD49_P
HSM5MD48.tar,HSM5MD48,STD,HSM5MD48
HSM5MD7K.tar,HSM5MD7K,STD,HSM5MD7K
HSM5MD7M.tar,HSM5MD7M,STD,HSM5MD7M
HSM5MD7O.tar,HSM5MD7O,STD,HSM5MD7O
HSM5MD7Q.tar,HSM5MD7Q,STD,HSM5MD7Q
HSM5MD7S.tar,HSM5MD7S,STD,HSM5MD7S
HSM5MD7U.tar,HSM5MD7U,STD,HSM5MD7U
HSM67VEC.tar,HSM67VEC,STD,HSM67VEC
HSM67VEE.tar,HSM67VEE,STD,HSM67VEE
HSM67VEG.tar,HSM67VEG,STD,HSM67VEG
HSM67VEI.tar,HSM67VEI,STD,HSM67VEI
HSM67VEK.tar,HSM67VEK,STD,HSM67VEK
HSM67VEM.tar,HSM67VEM,STD,HSM67VEM
HSM67VEM_TR.tar,HSM67VEM_TR,TR,HSM67VEM_TR
HSM7CYX2.tar,HSM7CYX2,STD,HSM7CYX2
HSM7CYX4.tar,HSM7CYX4,STD,HSM7CYX4
HSM7CYX6.tar,HSM7CYX6,STD,HSM7CYX6
HSM7CYX8.tar,HSM7CYX8,STD,HSM7CYX8
HSM7CYXA.tar,HSM7CYXA,STD,HSM7CYXA
HSM7CYXC.tar,HSM7CYXC,STD,HSM7CYXC
SM-6WJMT.tar,SM-6WJMT,VIR,SM-6WJMT
SM-6XSLB.tar,SM-6XSLB,VIR,SM-6XSLB
SM-6ZT3I.tar,SM-6ZT3I,VIR,SM-6ZT3I
SM-72PGG.tar,SM-72PGG,VIR,SM-72PGG
SM-75ZGU.tar,SM-75ZGU,VIR,SM-75ZGU
SM-787IA.tar,SM-787IA,VIR,SM-787IA
SM-7AMIE.tar,SM-7AMIE,VIR,SM-7AMIE
SM-7BP4W.tar,SM-7BP4W,VIR,SM-7BP4W
SM-7FK3L.tar,SM-7FK3L,VIR,SM-7FK3L
SM-7GYIS.tar,SM-7GYIS,VIR,SM-7GYIS
SM-7I1FT.tar,SM-7I1FT,VIR,SM-7I1FT
SM-7K1V2.tar,SM-7K1V2,VIR,SM-7K1V2
SM-7LDIG.tar,SM-7LDIG,VIR,SM-7LDIG
SM-7NH5C.tar,SM-7NH5C,VIR,SM-7NH5C
SM-7R3BC.tar,SM-7R3BC,VIR,SM-7R3BC
SM-9KON3.tar,SM-9KON3,VIR,SM-9KON3
HSM5MD7Z_P.fastq.gz,HSM5MD7Z_P,P,HSM5MD7Z_P
HSM5MD4P_P.fastq.gz,HSM5MD4P_P,P,HSM5MD4P_P
HSM5MD4O.tar,HSM5MD4O,STD,HSM5MD4O
HSM5MD4N.tar,HSM5MD4N,STD,HSM5MD4N
HSM6XRSN.tar,HSM6XRSN,STD,HSM6XRSN
HSM6XRST.tar,HSM6XRST,STD,HSM6XRST
HSM67VHQ.tar,HSM67VHQ,STD,HSM67VHQ
HSM67VHS.tar,HSM67VHS,STD,HSM67VHS
HSM67VHW.tar,HSM67VHW,STD,HSM67VHW
HSM67VI1.tar,HSM67VI1,STD,HSM67VI1
HSM7CYXQ.tar,HSM7CYXQ,STD,HSM7CYXQ
HSM7CYXS.tar,HSM7CYXS,STD,HSM7CYXS
SM-6Y2UQ.tar,SM-6Y2UQ,VIR,SM-6Y2UQ
SM-72XGU.tar,SM-72XGU,VIR,SM-72XGU
SM-7AA1X.tar,SM-7AA1X,VIR,SM-7AA1X
SM-7GYI7.tar,SM-7GYI7,VIR,SM-7GYI7
HSM5MD8A_P.fastq.gz,HSM5MD8A_P,P,HSM5MD8A_P
HSM5MD57_P.fastq.gz,HSM5MD57_P,P,HSM5MD57_P
HSM5MD59_P.fastq.gz,HSM5MD59_P,P,HSM5MD59_P
HSM5MD5B_P.fastq.gz,HSM5MD5B_P,P,HSM5MD5B_P
HSM5MD5B.tar,HSM5MD5B,STD,HSM5MD5B
HSM5MD5D_P.fastq.gz,HSM5MD5D_P,P,HSM5MD5D_P
HSM5MD5D.tar,HSM5MD5D,STD,HSM5MD5D
HSM5MD5F_P.fastq.gz,HSM5MD5F_P,P,HSM5MD5F_P
HSM6XRSX_P.fastq.gz,HSM6XRSX_P,P,HSM6XRSX_P
HSM6XRSX.tar,HSM6XRSX,STD,HSM6XRSX
HSM6XRT6_P.fastq.gz,HSM6XRT6_P,P,HSM6XRT6_P
HSM6XRSZ_P.fastq.gz,HSM6XRSZ_P,P,HSM6XRSZ_P
HSM6XRT4_P.fastq.gz,HSM6XRT4_P,P,HSM6XRT4_P
HSM6XRT2_P.fastq.gz,HSM6XRT2_P,P,HSM6XRT2_P
HSM67VFX_P.fastq.gz,HSM67VFX_P,P,HSM67VFX_P
HSM67VFX.tar,HSM67VFX,STD,HSM67VFX
HSM67VFZ.tar,HSM67VFZ,STD,HSM67VFZ
HSM67VG2_P.fastq.gz,HSM67VG2_P,P,HSM67VG2_P
HSM67VG6_P.fastq.gz,HSM67VG6_P,P,HSM67VG6_P
HSM67VG8.tar,HSM67VG8,STD,HSM67VG8
CSM7CZ2F_P.fastq.gz,CSM7CZ2F_P,P,CSM7CZ2F_P
HSM7CZ2H.tar,HSM7CZ2H,STD,HSM7CZ2H
HSM7CZ2J_P.fastq.gz,HSM7CZ2J_P,P,HSM7CZ2J_P
HSM7CZ2L_P.fastq.gz,HSM7CZ2L_P,P,HSM7CZ2L_P
SM-6UG73.tar,SM-6UG73,VIR,SM-6UG73
SM-6X9W7.tar,SM-6X9W7,VIR,SM-6X9W7
SM-6ZJXW.tar,SM-6ZJXW,VIR,SM-6ZJXW
SM-7EDAD.tar,SM-7EDAD,VIR,SM-7EDAD
SM-7L29I.tar,SM-7L29I,VIR,SM-7L29I
HSM5MD82_P.fastq.gz,HSM5MD82_P,P,HSM5MD82_P
HSM5MD8P_P.fastq.gz,HSM5MD8P_P,P,HSM5MD8P_P
HSM5MD8N_P.fastq.gz,HSM5MD8N_P,P,HSM5MD8N_P
HSM5MD8L_P.fastq.gz,HSM5MD8L_P,P,HSM5MD8L_P
HSM5MD8B_P.fastq.gz,HSM5MD8B_P,P,HSM5MD8B_P
HSM5MD8D_P.fastq.gz,HSM5MD8D_P,P,HSM5MD8D_P
HSM6XRT8.tar,HSM6XRT8,STD,HSM6XRT8
HSM6XRTA_P.fastq.gz,HSM6XRTA_P,P,HSM6XRTA_P
HSM6XRTC_P.fastq.gz,HSM6XRTC_P,P,HSM6XRTC_P
HSM6XRTE_P.fastq.gz,HSM6XRTE_P,P,HSM6XRTE_P
HSM6XRTG_P.fastq.gz,HSM6XRTG_P,P,HSM6XRTG_P
HSM6XRTG.tar,HSM6XRTG,STD,HSM6XRTG
HSM67VGA_P.fastq.gz,HSM67VGA_P,P,HSM67VGA_P
HSM67VGA.tar,HSM67VGA,STD,HSM67VGA
HSM67VGC.tar,HSM67VGC,STD,HSM67VGC
HSM67VGE_P.fastq.gz,HSM67VGE_P,P,HSM67VGE_P
HSM67VGG.tar,HSM67VGG,STD,HSM67VGG
HSM67VGI_P.fastq.gz,HSM67VGI_P,P,HSM67VGI_P
HSM67VGK.tar,HSM67VGK,STD,HSM67VGK
HSM67VGK_TR.tar,HSM67VGK_TR,TR,HSM67VGK_TR
HSM7CYYR_P.fastq.gz,HSM7CYYR_P,P,HSM7CYYR_P
HSM7CYYV_P.fastq.gz,HSM7CYYV_P,P,HSM7CYYV_P
SM-6ZKRY.tar,SM-6ZKRY,VIR,SM-6ZKRY
SM-7CRWM.tar,SM-7CRWM,VIR,SM-7CRWM
SM-7F1RM.tar,SM-7F1RM,VIR,SM-7F1RM
SM-7IWFK.tar,SM-7IWFK,VIR,SM-7IWFK
SM-7M8RE.tar,SM-7M8RE,VIR,SM-7M8RE
HSM5MD87_P.fastq.gz,HSM5MD87_P,P,HSM5MD87_P
HSM5MD47_P.fastq.gz,HSM5MD47_P,P,HSM5MD47_P
HSM5MD44_P.fastq.gz,HSM5MD44_P,P,HSM5MD44_P
HSM5MD43_P.fastq.gz,HSM5MD43_P,P,HSM5MD43_P
HSM5MD43.tar,HSM5MD43,STD,HSM5MD43
HSM5MD3Y.tar,HSM5MD3Y,STD,HSM5MD3Y
HSM5MD41.tar,HSM5MD41,STD,HSM5MD41
HSM6XRTM.tar,HSM6XRTM,STD,HSM6XRTM
HSM6XRTQ.tar,HSM6XRTQ,STD,HSM6XRTQ
HSM6XRTO.tar,HSM6XRTO,STD,HSM6XRTO
HSM6XRTS.tar,HSM6XRTS,STD,HSM6XRTS
HSM67VGY.tar,HSM67VGY,STD,HSM67VGY
HSM67VH1.tar,HSM67VH1,STD,HSM67VH1
SM-6XJUD.tar,SM-6XJUD,VIR,SM-6XJUD
SM-6ZT3E.tar,SM-6ZT3E,VIR,SM-6ZT3E
SM-73JXF.tar,SM-73JXF,VIR,SM-73JXF
SM-7CP2W.tar,SM-7CP2W,VIR,SM-7CP2W
SM-7FHYC.tar,SM-7FHYC,VIR,SM-7FHYC
SM-7PO8X.tar,SM-7PO8X,VIR,SM-7PO8X
SM-9T55I.tar,SM-9T55I,VIR,SM-9T55I
HSM5MD8J_P.fastq.gz,HSM5MD8J_P,P,HSM5MD8J_P
HSM5MD8F_P.fastq.gz,HSM5MD8F_P,P,HSM5MD8F_P
HSM5MD8H_P.fastq.gz,HSM5MD8H_P,P,HSM5MD8H_P
HSM5MD6E_P.fastq.gz,HSM5MD6E_P,P,HSM5MD6E_P
HSM5MD6I_P.fastq.gz,HSM5MD6I_P,P,HSM5MD6I_P
HSM5MD6I.tar,HSM5MD6I,STD,HSM5MD6I
HSM5MD6K_P.fastq.gz,HSM5MD6K_P,P,HSM5MD6K_P
HSM5MD6K.tar,HSM5MD6K,STD,HSM5MD6K
HSM5MD6M.tar,HSM5MD6M,STD,HSM5MD6M
HSM6XRRJ.tar,HSM6XRRJ,STD,HSM6XRRJ
HSM6XRVA.tar,HSM6XRVA,STD,HSM6XRVA
HSM6XRVC.tar,HSM6XRVC,STD,HSM6XRVC
HSM6XRVC_TR.tar,HSM6XRVC_TR,TR,HSM6XRVC_TR
HSM6XRVK.tar,HSM6XRVK,STD,HSM6XRVK
HSM7J4QZ.tar,HSM7J4QZ,STD,HSM7J4QZ
HSM7J4R2.tar,HSM7J4R2,STD,HSM7J4R2
SM-6ZEUX.tar,SM-6ZEUX,VIR,SM-6ZEUX
SM-6ZUH3.tar,SM-6ZUH3,VIR,SM-6ZUH3
SM-7AMIB.tar,SM-7AMIB,VIR,SM-7AMIB
SM-7I1FP.tar,SM-7I1FP,VIR,SM-7I1FP
SM-7NH6B.tar,SM-7NH6B,VIR,SM-7NH6B
SM-9R78E.tar,SM-9R78E,VIR,SM-9R78E
HSM5MD3L_P.fastq.gz,HSM5MD3L_P,P,HSM5MD3L_P
HSM5MD66.tar,HSM5MD66,STD,HSM5MD66
HSM5MD6A.tar,HSM5MD6A,STD,HSM5MD6A
HSM5MD6A_TR.tar,HSM5MD6A_TR,TR,HSM5MD6A_TR
HSM5MD6C.tar,HSM5MD6C,STD,HSM5MD6C
HSM6XRRV.tar,HSM6XRRV,STD,HSM6XRRV
HSM6XRS2.tar,HSM6XRS2,STD,HSM6XRS2
HSM6XRVM.tar,HSM6XRVM,STD,HSM6XRVM
HSM6XRVO.tar,HSM6XRVO,STD,HSM6XRVO
HSM6XRVU.tar,HSM6XRVU,STD,HSM6XRVU
HSM6XRVW.tar,HSM6XRVW,STD,HSM6XRVW
HSM7J4QT.tar,HSM7J4QT,STD,HSM7J4QT
SM-6XSLF.tar,SM-6XSLF,VIR,SM-6XSLF
SM-6ZT2W.tar,SM-6ZT2W,VIR,SM-6ZT2W
SM-7AMII.tar,SM-7AMII,VIR,SM-7AMII
SM-7GYIK.tar,SM-7GYIK,VIR,SM-7GYIK
SM-7IKZG.tar,SM-7IKZG,VIR,SM-7IKZG
SM-9KOMQ.tar,SM-9KOMQ,VIR,SM-9KOMQ
SM-9ZJIJ.tar,SM-9ZJIJ,VIR,SM-9ZJIJ
HSM5MD5X_P.fastq.gz,HSM5MD5X_P,P,HSM5MD5X_P
HSM5MD62.tar,HSM5MD62,STD,HSM5MD62
HSM5MD6Y.tar,HSM5MD6Y,STD,HSM5MD6Y
HSM5MD71.tar,HSM5MD71,STD,HSM5MD71
HSM5MD73.tar,HSM5MD73,STD,HSM5MD73
HSM5MD75.tar,HSM5MD75,STD,HSM5MD75
HSM6XRS4.tar,HSM6XRS4,STD,HSM6XRS4
HSM6XRS6.tar,HSM6XRS6,STD,HSM6XRS6
HSM6XRS8.tar,HSM6XRS8,STD,HSM6XRS8
HSM6XRSE.tar,HSM6XRSE,STD,HSM6XRSE
HSM7CYZ5.tar,HSM7CYZ5,STD,HSM7CYZ5
HSM7CYZ7.tar,HSM7CYZ7,STD,HSM7CYZ7
HSM7CYZ9.tar,HSM7CYZ9,STD,HSM7CYZ9
HSM7CYZB.tar,HSM7CYZB,STD,HSM7CYZB
HSM7CYZD.tar,HSM7CYZD,STD,HSM7CYZD
HSM7CYZF.tar,HSM7CYZF,STD,HSM7CYZF
HSM7J4QB.tar,HSM7J4QB,STD,HSM7J4QB
HSM7J4QD.tar,HSM7J4QD,STD,HSM7J4QD
HSM7J4QF.tar,HSM7J4QF,STD,HSM7J4QF
HSM7J4QH.tar,HSM7J4QH,STD,HSM7J4QH
HSM7J4QJ.tar,HSM7J4QJ,STD,HSM7J4QJ
HSM7J4QL.tar,HSM7J4QL,STD,HSM7J4QL
SM-6X9W3.tar,SM-6X9W3,VIR,SM-6X9W3
SM-6YBJJ.tar,SM-6YBJJ,VIR,SM-6YBJJ
SM-727GR.tar,SM-727GR,VIR,SM-727GR
SM-76CA2.tar,SM-76CA2,VIR,SM-76CA2
SM-7IKZM.tar,SM-7IKZM,VIR,SM-7IKZM
SM-9P5G8.tar,SM-9P5G8,VIR,SM-9P5G8
SM-9UCZE.tar,SM-9UCZE,VIR,SM-9UCZE
HSM5MD5Z_P.fastq.gz,HSM5MD5Z_P,P,HSM5MD5Z_P
HSM5MD6O_P.fastq.gz,HSM5MD6O_P,P,HSM5MD6O_P
HSM5MD6Q.tar,HSM5MD6Q,STD,HSM5MD6Q
HSM5MD6S_P.fastq.gz,HSM5MD6S_P,P,HSM5MD6S_P
HSM5MD6U_P.fastq.gz,HSM5MD6U_P,P,HSM5MD6U_P
HSM5MD6W.tar,HSM5MD6W,STD,HSM5MD6W
HSM67VF3.tar,HSM67VF3,STD,HSM67VF3
HSM7CYXE.tar,HSM7CYXE,STD,HSM7CYXE
HSM7CYXG.tar,HSM7CYXG,STD,HSM7CYXG
HSM7CYXI.tar,HSM7CYXI,STD,HSM7CYXI
HSM7CYXO.tar,HSM7CYXO,STD,HSM7CYXO
HSM7J4I3.tar,HSM7J4I3,STD,HSM7J4I3
HSM7J4KO.tar,HSM7J4KO,STD,HSM7J4KO
HSM7J4KQ.tar,HSM7J4KQ,STD,HSM7J4KQ
SM-791BC.tar,SM-791BC,VIR,SM-791BC
SM-7ED9S.tar,SM-7ED9S,VIR,SM-7ED9S
SM-9P5FI.tar,SM-9P5FI,VIR,SM-9P5FI
SM-A2HYL.tar,SM-A2HYL,VIR,SM-A2HYL
HSM6XRQB_P.fastq.gz,HSM6XRQB_P,P,HSM6XRQB_P
HSM6XRQB.tar,HSM6XRQB,STD,HSM6XRQB
HSM67VHK.tar,HSM67VHK,STD,HSM67VHK
HSM6XRQI.tar,HSM6XRQI,STD,HSM6XRQI
HSM6XRQK.tar,HSM6XRQK,STD,HSM6XRQK
HSM6XRQM.tar,HSM6XRQM,STD,HSM6XRQM
HSM6XRQO.tar,HSM6XRQO,STD,HSM6XRQO
HSM67VF9.tar,HSM67VF9,STD,HSM67VF9
HSM67VFD.tar,HSM67VFD,STD,HSM67VFD
HSM67VFF.tar,HSM67VFF,STD,HSM67VFF
HSM67VFH.tar,HSM67VFH,STD,HSM67VFH
HSM67VFJ.tar,HSM67VFJ,STD,HSM67VFJ
HSM7CYY3.tar,HSM7CYY3,STD,HSM7CYY3
HSM7CYY5.tar,HSM7CYY5,STD,HSM7CYY5
HSM7CYY7.tar,HSM7CYY7,STD,HSM7CYY7
HSM7CYYD.tar,HSM7CYYD,STD,HSM7CYYD
HSM7CYY9.tar,HSM7CYY9,STD,HSM7CYY9
HSM7CYYB.tar,HSM7CYYB,STD,HSM7CYYB
SM-6ZKY4.tar,SM-6ZKY4,VIR,SM-6ZKY4
SM-73JXJ.tar,SM-73JXJ,VIR,SM-73JXJ
SM-76CAA.tar,SM-76CAA,VIR,SM-76CAA
SM-7AK5W.tar,SM-7AK5W,VIR,SM-7AK5W
SM-7DN2Z.tar,SM-7DN2Z,VIR,SM-7DN2Z
SM-7HXJZ.tar,SM-7HXJZ,VIR,SM-7HXJZ
SM-7NSOJ.tar,SM-7NSOJ,VIR,SM-7NSOJ
SM-9KOPH.tar,SM-9KOPH,VIR,SM-9KOPH
SM-9QMNI.tar,SM-9QMNI,VIR,SM-9QMNI
SM-9RYIJ.tar,SM-9RYIJ,VIR,SM-9RYIJ
SM-9U261.tar,SM-9U261,VIR,SM-9U261
HSM6XRQC_P.fastq.gz,HSM6XRQC_P,P,HSM6XRQC_P
HSM6XRQS.tar,HSM6XRQS,STD,HSM6XRQS
HSM6XRQU.tar,HSM6XRQU,STD,HSM6XRQU
HSM6XRQW.tar,HSM6XRQW,STD,HSM6XRQW
HSM6XRQY.tar,HSM6XRQY,STD,HSM6XRQY
HSM67VFR.tar,HSM67VFR,STD,HSM67VFR
HSM7CYYF.tar,HSM7CYYF,STD,HSM7CYYF
HSM7CYYH.tar,HSM7CYYH,STD,HSM7CYYH
HSM7CYYP.tar,HSM7CYYP,STD,HSM7CYYP
HSM7J4LD.tar,HSM7J4LD,STD,HSM7J4LD
HSM7J4LF.tar,HSM7J4LF,STD,HSM7J4LF
HSM7J4LH.tar,HSM7J4LH,STD,HSM7J4LH
HSM7J4LN.tar,HSM7J4LN,STD,HSM7J4LN
SM-76ENQ.tar,SM-76ENQ,VIR,SM-76ENQ
SM-791B8.tar,SM-791B8,VIR,SM-791B8
SM-7GYIC.tar,SM-7GYIC,VIR,SM-7GYIC
SM-9RTV9.tar,SM-9RTV9,VIR,SM-9RTV9
SM-9WOB7.tar,SM-9WOB7,VIR,SM-9WOB7
SM-A373Q.tar,SM-A373Q,VIR,SM-A373Q
HSM6XRQE_P.fastq.gz,HSM6XRQE_P,P,HSM6XRQE_P
HSM6XRR5.tar,HSM6XRR5,STD,HSM6XRR5
HSM6XRR7.tar,HSM6XRR7,STD,HSM6XRR7
HSM6XRR9.tar,HSM6XRR9,STD,HSM6XRR9
HSM6XRRB.tar,HSM6XRRB,STD,HSM6XRRB
HSM6XRRD.tar,HSM6XRRD,STD,HSM6XRRD
HSM6XRUX.tar,HSM6XRUX,STD,HSM6XRUX
HSM6XRUZ.tar,HSM6XRUZ,STD,HSM6XRUZ
HSM6XRV2.tar,HSM6XRV2,STD,HSM6XRV2
HSM6XRV4.tar,HSM6XRV4,STD,HSM6XRV4
HSM6XRV6.tar,HSM6XRV6,STD,HSM6XRV6
HSM6XRV8.tar,HSM6XRV8,STD,HSM6XRV8
HSM7J4PC.tar,HSM7J4PC,STD,HSM7J4PC
HSM7J4PE.tar,HSM7J4PE,STD,HSM7J4PE
HSM7J4PG.tar,HSM7J4PG,STD,HSM7J4PG
HSM7J4PI.tar,HSM7J4PI,STD,HSM7J4PI
HSM7J4PK.tar,HSM7J4PK,STD,HSM7J4PK
HSM7J4PM.tar,HSM7J4PM,STD,HSM7J4PM
HSM7J4M4.tar,HSM7J4M4,STD,HSM7J4M4
HSM7J4M6.tar,HSM7J4M6,STD,HSM7J4M6
HSM7J4M8.tar,HSM7J4M8,STD,HSM7J4M8
HSM7J4MA.tar,HSM7J4MA,STD,HSM7J4MA
HSM7J4MC.tar,HSM7J4MC,STD,HSM7J4MC
HSM7J4ME.tar,HSM7J4ME,STD,HSM7J4ME
SM-73BNC.tar,SM-73BNC,VIR,SM-73BNC
SM-76C9Y.tar,SM-76C9Y,VIR,SM-76C9Y
SM-7BP52.tar,SM-7BP52,VIR,SM-7BP52
SM-7IKZL.tar,SM-7IKZL,VIR,SM-7IKZL
SM-7KPU3.tar,SM-7KPU3,VIR,SM-7KPU3
SM-7MCUM.tar,SM-7MCUM,VIR,SM-7MCUM
SM-9NK6G.tar,SM-9NK6G,VIR,SM-9NK6G
SM-9U26B.tar,SM-9U26B,VIR,SM-9U26B
SM-9Y7DS.tar,SM-9Y7DS,VIR,SM-9Y7DS
SM-A1ZWQ.tar,SM-A1ZWQ,VIR,SM-A1ZWQ
SM-A4GBD.tar,SM-A4GBD,VIR,SM-A4GBD
HSM6XRR3.tar,HSM6XRR3,STD,HSM6XRR3
HSM67VCX_P.fastq.gz,HSM67VCX_P,P,HSM67VCX_P
HSM67VCZ.tar,HSM67VCZ,STD,HSM67VCZ
HSM67VD2.tar,HSM67VD2,STD,HSM67VD2
HSM67VD4.tar,HSM67VD4,STD,HSM67VD4
HSM67VD6.tar,HSM67VD6,STD,HSM67VD6
HSM67VHB.tar,HSM67VHB,STD,HSM67VHB
HSM67VHD.tar,HSM67VHD,STD,HSM67VHD
HSM67VHF.tar,HSM67VHF,STD,HSM67VHF
HSM67VHH.tar,HSM67VHH,STD,HSM67VHH
HSM67VHJ.tar,HSM67VHJ,STD,HSM67VHJ
HSM6XRUV.tar,HSM6XRUV,STD,HSM6XRUV
HSM7J4PO.tar,HSM7J4PO,STD,HSM7J4PO
HSM7J4PQ.tar,HSM7J4PQ,STD,HSM7J4PQ
HSM7J4PS.tar,HSM7J4PS,STD,HSM7J4PS
HSM7J4PU.tar,HSM7J4PU,STD,HSM7J4PU
HSM7J4PW.tar,HSM7J4PW,STD,HSM7J4PW
HSM7J4PY.tar,HSM7J4PY,STD,HSM7J4PY
HSM7J4IO.tar,HSM7J4IO,STD,HSM7J4IO
HSM7J4IP.tar,HSM7J4IP,STD,HSM7J4IP
HSM7J4IQ.tar,HSM7J4IQ,STD,HSM7J4IQ
HSM7J4IR.tar,HSM7J4IR,STD,HSM7J4IR
HSM7J4IS.tar,HSM7J4IS,STD,HSM7J4IS
SM-77FY2.tar,SM-77FY2,VIR,SM-77FY2
SM-7AA1P.tar,SM-7AA1P,VIR,SM-7AA1P
SM-7C83T.tar,SM-7C83T,VIR,SM-7C83T
SM-7DGV2.tar,SM-7DGV2,VIR,SM-7DGV2
SM-7EWSV.tar,SM-7EWSV,VIR,SM-7EWSV
SM-7FY2T.tar,SM-7FY2T,VIR,SM-7FY2T
SM-7I1GZ.tar,SM-7I1GZ,VIR,SM-7I1GZ
SM-7LSBG.tar,SM-7LSBG,VIR,SM-7LSBG
SM-7RYAM.tar,SM-7RYAM,VIR,SM-7RYAM
SM-9JM8R.tar,SM-9JM8R,VIR,SM-9JM8R
SM-9KOMU.tar,SM-9KOMU,VIR,SM-9KOMU
SM-9RD3A.tar,SM-9RD3A,VIR,SM-9RD3A
SM-9UKB5.tar,SM-9UKB5,VIR,SM-9UKB5
SM-9WO1G.tar,SM-9WO1G,VIR,SM-9WO1G
SM-9XKX1.tar,SM-9XKX1,VIR,SM-9XKX1
SM-9ZK9I.tar,SM-9ZK9I,VIR,SM-9ZK9I
SM-A1ZWF.tar,SM-A1ZWF,VIR,SM-A1ZWF
SM-A4O3D.tar,SM-A4O3D,VIR,SM-A4O3D
HSM67VDX_P.fastq.gz,HSM67VDX_P,P,HSM67VDX_P
HSM67VEO.tar,HSM67VEO,STD,HSM67VEO
HSM67VEQ.tar,HSM67VEQ,STD,HSM67VEQ
HSM67VES.tar,HSM67VES,STD,HSM67VES
HSM67VEU.tar,HSM67VEU,STD,HSM67VEU
HSM67VEW.tar,HSM67VEW,STD,HSM67VEW
HSM7CYZJ.tar,HSM7CYZJ,STD,HSM7CYZJ
HSM7CYZL.tar,HSM7CYZL,STD,HSM7CYZL
HSM7CYZR.tar,HSM7CYZR,STD,HSM7CYZR
HSM7J4RE.tar,HSM7J4RE,STD,HSM7J4RE
HSM7J4G1.tar,HSM7J4G1,STD,HSM7J4G1
HSM7J4G8.tar,HSM7J4G8,STD,HSM7J4G8
HSM7J4IU.tar,HSM7J4IU,STD,HSM7J4IU
HSM7J4IW.tar,HSM7J4IW,STD,HSM7J4IW
SM-791AN.tar,SM-791AN,VIR,SM-791AN
SM-7CP35.tar,SM-7CP35,VIR,SM-7CP35
SM-7ED9W.tar,SM-7ED9W,VIR,SM-7ED9W
SM-7IWEQ.tar,SM-7IWEQ,VIR,SM-7IWEQ
SM-9PJ1G.tar,SM-9PJ1G,VIR,SM-9PJ1G
HSM67VDR_P.fastq.gz,HSM67VDR_P,P,HSM67VDR_P
HSM6XRUL.tar,HSM6XRUL,STD,HSM6XRUL
HSM6XRUN.tar,HSM6XRUN,STD,HSM6XRUN
HSM6XRUR.tar,HSM6XRUR,STD,HSM6XRUR
HSM6XRQ8.tar,HSM6XRQ8,STD,HSM6XRQ8
HSM7CZ16.tar,HSM7CZ16,STD,HSM7CZ16
HSM7CZ18.tar,HSM7CZ18,STD,HSM7CZ18
HSM7CZ1A.tar,HSM7CZ1A,STD,HSM7CZ1A
HSM7CZ1C.tar,HSM7CZ1C,STD,HSM7CZ1C
HSM7CZ1E.tar,HSM7CZ1E,STD,HSM7CZ1E
HSM7CZ1G.tar,HSM7CZ1G,STD,HSM7CZ1G
HSM7J4HA.tar,HSM7J4HA,STD,HSM7J4HA
HSM7J4HC.tar,HSM7J4HC,STD,HSM7J4HC
HSM7J4HE.tar,HSM7J4HE,STD,HSM7J4HE
HSM7J4HG.tar,HSM7J4HG,STD,HSM7J4HG
HSM7J4HI.tar,HSM7J4HI,STD,HSM7J4HI
HSM7J4HK.tar,HSM7J4HK,STD,HSM7J4HK
HSM7J4KC.tar,HSM7J4KC,STD,HSM7J4KC
HSM7J4KG.tar,HSM7J4KG,STD,HSM7J4KG
HSM7J4KI.tar,HSM7J4KI,STD,HSM7J4KI
HSM7J4KK.tar,HSM7J4KK,STD,HSM7J4KK
HSM7J4KM.tar,HSM7J4KM,STD,HSM7J4KM
SM-7BEZT.tar,SM-7BEZT,VIR,SM-7BEZT
SM-7CP2K.tar,SM-7CP2K,VIR,SM-7CP2K
SM-7GYHK.tar,SM-7GYHK,VIR,SM-7GYHK
SM-7MCUI.tar,SM-7MCUI,VIR,SM-7MCUI
SM-9NBDN.tar,SM-9NBDN,VIR,SM-9NBDN
SM-A1C88.tar,SM-A1C88,VIR,SM-A1C88
SM-AAHYG.tar,SM-AAHYG,VIR,SM-AAHYG
HSM67VDT_P.fastq.gz,HSM67VDT_P,P,HSM67VDT_P
HSM67VDT.tar,HSM67VDT,STD,HSM67VDT
HSM67VI3.tar,HSM67VI3,STD,HSM67VI3
HSM67VI5.tar,HSM67VI5,STD,HSM67VI5
HSM67VI7.tar,HSM67VI7,STD,HSM67VI7
HSM67VI9.tar,HSM67VI9,STD,HSM67VI9
HSM67VIB.tar,HSM67VIB,STD,HSM67VIB
HSM7CZ24.tar,HSM7CZ24,STD,HSM7CZ24
HSM7CZ26.tar,HSM7CZ26,STD,HSM7CZ26
HSM7CZ28.tar,HSM7CZ28,STD,HSM7CZ28
HSM7CZ2A.tar,HSM7CZ2A,STD,HSM7CZ2A
HSM7CZ2E.tar,HSM7CZ2E,STD,HSM7CZ2E
HSM7J4HW.tar,HSM7J4HW,STD,HSM7J4HW
HSM7J4HY.tar,HSM7J4HY,STD,HSM7J4HY
HSM7J4I5.tar,HSM7J4I5,STD,HSM7J4I5
HSM7J4I7.tar,HSM7J4I7,STD,HSM7J4I7
HSM7J4I9.tar,HSM7J4I9,STD,HSM7J4I9
HSM7J4O1.tar,HSM7J4O1,STD,HSM7J4O1
HSM7J4NY.tar,HSM7J4NY,STD,HSM7J4NY
HSM7J4O3.tar,HSM7J4O3,STD,HSM7J4O3
HSM7J4O5.tar,HSM7J4O5,STD,HSM7J4O5
HSM7J4O7.tar,HSM7J4O7,STD,HSM7J4O7
HSM7J4O9.tar,HSM7J4O9,STD,HSM7J4O9
SM-7BYBY.tar,SM-7BYBY,VIR,SM-7BYBY
SM-7FK3H.tar,SM-7FK3H,VIR,SM-7FK3H
SM-7I1GK.tar,SM-7I1GK,VIR,SM-7I1GK
SM-9VWAZ.tar,SM-9VWAZ,VIR,SM-9VWAZ
SM-A6ZJ6.tar,SM-A6ZJ6,VIR,SM-A6ZJ6
SM-A7J1K.tar,SM-A7J1K,VIR,SM-A7J1K
SM-AFCK4.tar,SM-AFCK4,VIR,SM-AFCK4
HSM7CZ1T_P.fastq.gz,HSM7CZ1T_P,P,HSM7CZ1T_P
HSM7CZ1V.tar,HSM7CZ1V,STD,HSM7CZ1V
HSM7CZ1Z.tar,HSM7CZ1Z,STD,HSM7CZ1Z
HSM7CZ22.tar,HSM7CZ22,STD,HSM7CZ22
HSM7J4GP.tar,HSM7J4GP,STD,HSM7J4GP
HSM7J4GR.tar,HSM7J4GR,STD,HSM7J4GR
HSM7J4NC.tar,HSM7J4NC,STD,HSM7J4NC
HSM7J4NE.tar,HSM7J4NE,STD,HSM7J4NE
HSM7J4NM.tar,HSM7J4NM,STD,HSM7J4NM
HSMA33O1.tar,HSMA33O1,STD,HSMA33O1
HSMA33O3.tar,HSMA33O3,STD,HSMA33O3
SM-7LDJL.tar,SM-7LDJL,VIR,SM-7LDJL
SM-7R3A2.tar,SM-7R3A2,VIR,SM-7R3A2
SM-9SIZO.tar,SM-9SIZO,VIR,SM-9SIZO
SM-A2BG5.tar,SM-A2BG5,VIR,SM-A2BG5
HSM67VID.tar,HSM67VID,STD,HSM67VID
HSM67VIF.tar,HSM67VIF,STD,HSM67VIF
HSM67VIJ_P.fastq.gz,HSM67VIJ_P,P,HSM67VIJ_P
HSM67VIL.tar,HSM67VIL,STD,HSM67VIL
HSM7J4GD.tar,HSM7J4GD,STD,HSM7J4GD
HSM7J4MY.tar,HSM7J4MY,STD,HSM7J4MY
HSM7J4N4.tar,HSM7J4N4,STD,HSM7J4N4
HSM7J4N6.tar,HSM7J4N6,STD,HSM7J4N6
HSM7J4N8.tar,HSM7J4N8,STD,HSM7J4N8
HSM7J4NA.tar,HSM7J4NA,STD,HSM7J4NA
SM-9IT17.tar,SM-9IT17,VIR,SM-9IT17
SM-9QVJQ.tar,SM-9QVJQ,VIR,SM-9QVJQ
SM-9ZK9E.tar,SM-9ZK9E,VIR,SM-9ZK9E
SM-A5A1U.tar,SM-A5A1U,VIR,SM-A5A1U
SM-A9J8X.tar,SM-A9J8X,VIR,SM-A9J8X
HSM7CYWS_P.fastq.gz,HSM7CYWS_P,P,HSM7CYWS_P
HSM7CZ2Z.tar,HSM7CZ2Z,STD,HSM7CZ2Z
HSM7CZ32.tar,HSM7CZ32,STD,HSM7CZ32
HSM7CZ36.tar,HSM7CZ36,STD,HSM7CZ36
HSM7CZ38.tar,HSM7CZ38,STD,HSM7CZ38
HSM7J4L5.tar,HSM7J4L5,STD,HSM7J4L5
HSM7J4L9.tar,HSM7J4L9,STD,HSM7J4L9
HSM7J4ON.tar,HSM7J4ON,STD,HSM7J4ON
HSM7J4OP.tar,HSM7J4OP,STD,HSM7J4OP
HSM7J4OT.tar,HSM7J4OT,STD,HSM7J4OT
HSM7J4OV.tar,HSM7J4OV,STD,HSM7J4OV
HSM7J4OX.tar,HSM7J4OX,STD,HSM7J4OX
HSMA33JZ.tar,HSMA33JZ,STD,HSMA33JZ
SM-7ORQ1.tar,SM-7ORQ1,VIR,SM-7ORQ1
SM-9HYXY.tar,SM-9HYXY,VIR,SM-9HYXY
SM-9MPH1.tar,SM-9MPH1,VIR,SM-9MPH1
SM-9OS7O.tar,SM-9OS7O,VIR,SM-9OS7O
SM-9WYEO.tar,SM-9WYEO,VIR,SM-9WYEO
SM-A12KG.tar,SM-A12KG,VIR,SM-A12KG
SM-A8VEW.tar,SM-A8VEW,VIR,SM-A8VEW
SM-AFJ1O.tar,SM-AFJ1O,VIR,SM-AFJ1O
HSM7CZ2V_P.fastq.gz,HSM7CZ2V_P,P,HSM7CZ2V_P
HSM7CZ3A.tar,HSM7CZ3A,STD,HSM7CZ3A
HSM7CZ3C.tar,HSM7CZ3C,STD,HSM7CZ3C
HSM7CZ3E.tar,HSM7CZ3E,STD,HSM7CZ3E
HSM7CZ3G.tar,HSM7CZ3G,STD,HSM7CZ3G
HSM7J4PA.tar,HSM7J4PA,STD,HSM7J4PA
HSM7J4MK.tar,HSM7J4MK,STD,HSM7J4MK
HSM7J4OB.tar,HSM7J4OB,STD,HSM7J4OB
HSM7J4OE.tar,HSM7J4OE,STD,HSM7J4OE
HSM7J4OL.tar,HSM7J4OL,STD,HSM7J4OL
HSMA33JB.tar,HSMA33JB,STD,HSMA33JB
HSMA33JD.tar,HSMA33JD,STD,HSMA33JD
SM-7R3A9.tar,SM-7R3A9,VIR,SM-7R3A9
SM-9IMBK.tar,SM-9IMBK,VIR,SM-9IMBK
SM-9LB5Z.tar,SM-9LB5Z,VIR,SM-9LB5Z
SM-9XKWY.tar,SM-9XKWY,VIR,SM-9XKWY
SM-A9F5A.tar,SM-A9F5A,VIR,SM-A9F5A
SM-AKTYZ.tar,SM-AKTYZ,VIR,SM-AKTYZ
SM-AMR2H.tar,SM-AMR2H,VIR,SM-AMR2H
HSM7J4Q1.tar,HSM7J4Q1,STD,HSM7J4Q1
HSM7J4Q3_P.fastq.gz,HSM7J4Q3_P,P,HSM7J4Q3_P
HSM7J4Q7.tar,HSM7J4Q7,STD,HSM7J4Q7
HSM7J4Q9.tar,HSM7J4Q9,STD,HSM7J4Q9
HSM7J4MS.tar,HSM7J4MS,STD,HSM7J4MS
HSM7J4MW.tar,HSM7J4MW,STD,HSM7J4MW
HSM7J4IC.tar,HSM7J4IC,STD,HSM7J4IC
HSM7J4OZ.tar,HSM7J4OZ,STD,HSM7J4OZ
HSM7J4P2.tar,HSM7J4P2,STD,HSM7J4P2
HSMA33MV.tar,HSMA33MV,STD,HSMA33MV
HSMA33JN.tar,HSMA33JN,STD,HSMA33JN
HSMA33JP.tar,HSMA33JP,STD,HSMA33JP
HSMA33JR.tar,HSMA33JR,STD,HSMA33JR
SM-9SNJA.tar,SM-9SNJA,VIR,SM-9SNJA
SM-9ZE8G.tar,SM-9ZE8G,VIR,SM-9ZE8G
SM-A77UJ.tar,SM-A77UJ,VIR,SM-A77UJ
SM-APR9B.tar,SM-APR9B,VIR,SM-APR9B
HSM7CZ2X_P.fastq.gz,HSM7CZ2X_P,P,HSM7CZ2X_P
HSM7J4HM.tar,HSM7J4HM,STD,HSM7J4HM
HSM7J4HO.tar,HSM7J4HO,STD,HSM7J4HO
HSM7J4HQ.tar,HSM7J4HQ,STD,HSM7J4HQ
HSM7J4HS.tar,HSM7J4HS,STD,HSM7J4HS
HSM7J4HU.tar,HSM7J4HU,STD,HSM7J4HU
HSM7J4JZ.tar,HSM7J4JZ,STD,HSM7J4JZ
HSM7J4K2.tar,HSM7J4K2,STD,HSM7J4K2
HSM7J4K4.tar,HSM7J4K4,STD,HSM7J4K4
HSM7J4K6.tar,HSM7J4K6,STD,HSM7J4K6
HSM7J4K8.tar,HSM7J4K8,STD,HSM7J4K8
HSM7J4KA.tar,HSM7J4KA,STD,HSM7J4KA
HSMA33OP.tar,HSMA33OP,STD,HSMA33OP
HSMA33OR.tar,HSMA33OR,STD,HSMA33OR
HSMA33OT.tar,HSMA33OT,STD,HSMA33OT
HSMA33OV.tar,HSMA33OV,STD,HSMA33OV
HSMA33OX.tar,HSMA33OX,STD,HSMA33OX
HSMA33OZ.tar,HSMA33OZ,STD,HSMA33OZ
HSMA33MA.tar,HSMA33MA,STD,HSMA33MA
HSMA33MC.tar,HSMA33MC,STD,HSMA33MC
HSMA33ME.tar,HSMA33ME,STD,HSMA33ME
HSMA33MG.tar,HSMA33MG,STD,HSMA33MG
HSMA33MI.tar,HSMA33MI,STD,HSMA33MI
HSMA33MK.tar,HSMA33MK,STD,HSMA33MK
SM-9NBEI.tar,SM-9NBEI,VIR,SM-9NBEI
SM-9QMQ8.tar,SM-9QMQ8,VIR,SM-9QMQ8
SM-9SIJH.tar,SM-9SIJH,VIR,SM-9SIJH
SM-9VWCF.tar,SM-9VWCF,VIR,SM-9VWCF
SM-9XIO2.tar,SM-9XIO2,VIR,SM-9XIO2
SM-9ZA5K.tar,SM-9ZA5K,VIR,SM-9ZA5K
SM-A3753.tar,SM-A3753,VIR,SM-A3753
SM-A4GB9.tar,SM-A4GB9,VIR,SM-A4GB9
SM-A77WD.tar,SM-A77WD,VIR,SM-A77WD
SM-A9F6Z.tar,SM-A9F6Z,VIR,SM-A9F6Z
SM-AGULX.tar,SM-AGULX,VIR,SM-AGULX
SM-AIG5H.tar,SM-AIG5H,VIR,SM-AIG5H
SM-AKTXH.tar,SM-AKTXH,VIR,SM-AKTXH
SM-APDXE.tar,SM-APDXE,VIR,SM-APDXE
SM-ARMBT.tar,SM-ARMBT,VIR,SM-ARMBT
SM-AUIUT.tar,SM-AUIUT,VIR,SM-AUIUT
SM-AVR74.tar,SM-AVR74,VIR,SM-AVR74
SM-AZYBB.tar,SM-AZYBB,VIR,SM-AZYBB
HSM7J4J7.tar,HSM7J4J7,STD,HSM7J4J7
HSM7J4J9.tar,HSM7J4J9,STD,HSM7J4J9
HSM7J4JD.tar,HSM7J4JD,STD,HSM7J4JD
HSM7J4JF.tar,HSM7J4JF,STD,HSM7J4JF
HSMA33NA.tar,HSMA33NA,STD,HSMA33NA
HSMA33NC.tar,HSMA33NC,STD,HSMA33NC
HSMA33NG_P.fastq.gz,HSMA33NG_P,P,HSMA33NG_P
HSMA33KE.tar,HSMA33KE,STD,HSMA33KE
HSMA33KM.tar,HSMA33KM,STD,HSMA33KM
HSMA33KO.tar,HSMA33KO,STD,HSMA33KO
HSMA33PX.tar,HSMA33PX,STD,HSMA33PX
HSMA33PZ.tar,HSMA33PZ,STD,HSMA33PZ
HSMA33Q6.tar,HSMA33Q6,STD,HSMA33Q6
SM-9WOBE.tar,SM-9WOBE,VIR,SM-9WOBE
SM-A3754.tar,SM-A3754,VIR,SM-A3754
SM-AADL4.tar,SM-AADL4,VIR,SM-AADL4
SM-B2OQM.tar,SM-B2OQM,VIR,SM-B2OQM
SM-CE9V6.tar,SM-CE9V6,VIR,SM-CE9V6
HSM7J4LP.tar,HSM7J4LP,STD,HSM7J4LP
HSM7J4JH.tar,HSM7J4JH,STD,HSM7J4JH
HSM7J4JJ.tar,HSM7J4JJ,STD,HSM7J4JJ
HSM7J4JN.tar,HSM7J4JN,STD,HSM7J4JN
HSM7J4JP.tar,HSM7J4JP,STD,HSM7J4JP
HSMA33NO.tar,HSMA33NO,STD,HSMA33NO
HSMA33NQ.tar,HSMA33NQ,STD,HSMA33NQ
HSMA33KQ.tar,HSMA33KQ,STD,HSMA33KQ
HSMA33KS.tar,HSMA33KS,STD,HSMA33KS
HSMA33KU.tar,HSMA33KU,STD,HSMA33KU
HSMA33L1.tar,HSMA33L1,STD,HSMA33L1
HSMA33PL.tar,HSMA33PL,STD,HSMA33PL
HSMA33PN.tar,HSMA33PN,STD,HSMA33PN
SM-9VWC7.tar,SM-9VWC7,VIR,SM-9VWC7
SM-9XIDV.tar,SM-9XIDV,VIR,SM-9XIDV
SM-9ZA1P.tar,SM-9ZA1P,VIR,SM-9ZA1P
SM-A4O3V.tar,SM-A4O3V,VIR,SM-A4O3V
SM-AF6MT.tar,SM-AF6MT,VIR,SM-AF6MT
SM-AGUMZ.tar,SM-AGUMZ,VIR,SM-AGUMZ
SM-ARMCW.tar,SM-ARMCW,VIR,SM-ARMCW
SM-AVR7A.tar,SM-AVR7A,VIR,SM-AVR7A
SM-AXQR3.tar,SM-AXQR3,VIR,SM-AXQR3
HSM7J4JT_P.fastq.gz,HSM7J4JT_P,P,HSM7J4JT_P
HSM7J4NO.tar,HSM7J4NO,STD,HSM7J4NO
HSM7J4NS.tar,HSM7J4NS,STD,HSM7J4NS
HSM7J4NU.tar,HSM7J4NU,STD,HSM7J4NU
HSMA33OD.tar,HSMA33OD,STD,HSMA33OD
HSMA33OJ.tar,HSMA33OJ,STD,HSMA33OJ
HSMA33OL.tar,HSMA33OL,STD,HSMA33OL
HSMA33LX.tar,HSMA33LX,STD,HSMA33LX
HSMA33LZ.tar,HSMA33LZ,STD,HSMA33LZ
HSMA33M2.tar,HSMA33M2,STD,HSMA33M2
HSMA33M8.tar,HSMA33M8,STD,HSMA33M8
SM-A373M.tar,SM-A373M,VIR,SM-A373M
SM-A8VEX.tar,SM-A8VEX,VIR,SM-A8VEX
SM-ADDEV.tar,SM-ADDEV,VIR,SM-ADDEV
SM-AJ651.tar,SM-AJ651,VIR,SM-AJ651
SM-ARB6B.tar,SM-ARB6B,VIR,SM-ARB6B
SM-B5ORM.tar,SM-B5ORM,VIR,SM-B5ORM
SM-CG7AX.tar,SM-CG7AX,VIR,SM-CG7AX
HSM7J4JV_P.fastq.gz,HSM7J4JV_P,P,HSM7J4JV_P
HSMA33MX.tar,HSMA33MX,STD,HSMA33MX
HSMA33MZ.tar,HSMA33MZ,STD,HSMA33MZ
HSMA33N4.tar,HSMA33N4,STD,HSMA33N4
HSMA33IO.tar,HSMA33IO,STD,HSMA33IO
HSMA33IS.tar,HSMA33IS,STD,HSMA33IS
HSMA33RD.tar,HSMA33RD,STD,HSMA33RD
HSMA33RF.tar,HSMA33RF,STD,HSMA33RF
SM-ADID6.tar,SM-ADID6,VIR,SM-ADID6
SM-C1MZ9.tar,SM-C1MZ9,VIR,SM-C1MZ9
SM-CG9XT.tar,SM-CG9XT,VIR,SM-CG9XT
HSMA33IE.tar,HSMA33IE,STD,HSMA33IE
HSMA33IG.tar,HSMA33IG,STD,HSMA33IG
HSMA33IK.tar,HSMA33IK,STD,HSMA33IK
HSMA33LP.tar,HSMA33LP,STD,HSMA33LP
HSMA33QY.tar,HSMA33QY,STD,HSMA33QY
HSMA33R1.tar,HSMA33R1,STD,HSMA33R1
HSMA33R5.tar,HSMA33R5,STD,HSMA33R5
HSMA33R7.tar,HSMA33R7,STD,HSMA33R7
HSMA33R9.tar,HSMA33R9,STD,HSMA33R9
HSMA33S4.tar,HSMA33S4,STD,HSMA33S4
SM-AF6NM.tar,SM-AF6NM,VIR,SM-AF6NM
SM-AL5F8.tar,SM-AL5F8,VIR,SM-AL5F8
SM-B1JON.tar,SM-B1JON,VIR,SM-B1JON
SM-BYX23.tar,SM-BYX23,VIR,SM-BYX23
HSMA33NW.tar,HSMA33NW,STD,HSMA33NW
HSMA33P2_P.fastq.gz,HSMA33P2_P,P,HSMA33P2_P
HSMA33P6.tar,HSMA33P6,STD,HSMA33P6
HSMA33IA.tar,HSMA33IA,STD,HSMA33IA
HSMA33IC.tar,HSMA33IC,STD,HSMA33IC
HSMA33LB.tar,HSMA33LB,STD,HSMA33LB
HSMA33LH.tar,HSMA33LH,STD,HSMA33LH
HSMA33LH_TR.tar,HSMA33LH_TR,TR,HSMA33LH_TR
HSMA33LJ.tar,HSMA33LJ,STD,HSMA33LJ
HSMA33RR.tar,HSMA33RR,STD,HSMA33RR
HSMA33RT.tar,HSMA33RT,STD,HSMA33RT
HSMA33RX.tar,HSMA33RX,STD,HSMA33RX
HSMA33RX_TR.tar,HSMA33RX_TR,TR,HSMA33RX_TR
SM-AJ64W.tar,SM-AJ64W,VIR,SM-AJ64W
SM-AJDLQ.tar,SM-AJDLQ,VIR,SM-AJDLQ
SM-ALGUL.tar,SM-ALGUL,VIR,SM-ALGUL
SM-ASVMD.tar,SM-ASVMD,VIR,SM-ASVMD
SM-AZAHH.tar,SM-AZAHH,VIR,SM-AZAHH
SM-B1F5B.tar,SM-B1F5B,VIR,SM-B1F5B
SM-CJFJI.tar,SM-CJFJI,VIR,SM-CJFJI
SM-CSF6Z.tar,SM-CSF6Z,VIR,SM-CSF6Z
HSMA33NY.tar,HSMA33NY,STD,HSMA33NY
HSMA33J1_P.fastq.gz,HSMA33J1_P,P,HSMA33J1_P
HSMA33J3.tar,HSMA33J3,STD,HSMA33J3
HSMA33J5.tar,HSMA33J5,STD,HSMA33J5
HSMA33J7.tar,HSMA33J7,STD,HSMA33J7
HSMA33J9.tar,HSMA33J9,STD,HSMA33J9
HSMA33MS.tar,HSMA33MS,STD,HSMA33MS
HSMA33QM.tar,HSMA33QM,STD,HSMA33QM
HSMA33QO.tar,HSMA33QO,STD,HSMA33QO
HSMA33SE.tar,HSMA33SE,STD,HSMA33SE
HSMA33SG.tar,HSMA33SG,STD,HSMA33SG
HSMA33SI.tar,HSMA33SI,STD,HSMA33SI
HSMA33SK.tar,HSMA33SK,STD,HSMA33SK
SM-AL5ES.tar,SM-AL5ES,VIR,SM-AL5ES
SM-AN5FS.tar,SM-AN5FS,VIR,SM-AN5FS
SM-AWD4T.tar,SM-AWD4T,VIR,SM-AWD4T
SM-BYMCE.tar,SM-BYMCE,VIR,SM-BYMCE
SM-CLM5K.tar,SM-CLM5K,VIR,SM-CLM5K
SM-CNQYZ.tar,SM-CNQYZ,VIR,SM-CNQYZ
SM-CQEDH.tar,SM-CQEDH,VIR,SM-CQEDH
MSM5LLDI.tar,MSM5LLDI,STD,MSM5LLDI
MSM5LLDK.tar,MSM5LLDK,STD,MSM5LLDK
MSM5LLDM.tar,MSM5LLDM,STD,MSM5LLDM
MSM5LLDQ.tar,MSM5LLDQ,STD,MSM5LLDQ
MSM5LLDS.tar,MSM5LLDS,STD,MSM5LLDS
MSM5LLDU.tar,MSM5LLDU,STD,MSM5LLDU
MSM5LLHX_P.fastq.gz,MSM5LLHX_P,P,MSM5LLHX_P
MSM5LLI2_P.fastq.gz,MSM5LLI2_P,P,MSM5LLI2_P
MSM5LLI8_P.fastq.gz,MSM5LLI8_P,P,MSM5LLI8_P
MSM5LLI6_P.fastq.gz,MSM5LLI6_P,P,MSM5LLI6_P
MSM5LLI4_P.fastq.gz,MSM5LLI4_P,P,MSM5LLI4_P
MSM5LLHQ_P.fastq.gz,MSM5LLHQ_P,P,MSM5LLHQ_P
MSM5LLD6_P.fastq.gz,MSM5LLD6_P,P,MSM5LLD6_P
MSM5LLDC.tar,MSM5LLDC,STD,MSM5LLDC
MSM5LLDE.tar,MSM5LLDE,STD,MSM5LLDE
MSM5LLDA.tar,MSM5LLDA,STD,MSM5LLDA
MSM6J2LB.tar,MSM6J2LB,STD,MSM6J2LB
SM-B4A4F.tar,SM-B4A4F,VIR,SM-B4A4F
SM-B4A4J.tar,SM-B4A4J,VIR,SM-B4A4J
SM-B44U2.tar,SM-B44U2,VIR,SM-B44U2
SM-B44TV.tar,SM-B44TV,VIR,SM-B44TV
SM-69UMZ.tar,SM-69UMZ,VIR,SM-69UMZ
SM-B44U1.tar,SM-B44U1,VIR,SM-B44U1
SM-6VHL9.tar,SM-6VHL9,VIR,SM-6VHL9
SM-6XTSW.tar,SM-6XTSW,VIR,SM-6XTSW
SM-7D34L.tar,SM-7D34L,VIR,SM-7D34L
MSM5FZ9N_P.fastq.gz,MSM5FZ9N_P,P,MSM5FZ9N_P
MSM5LLE3_P.fastq.gz,MSM5LLE3_P,P,MSM5LLE3_P
MSM5LLE9_P.fastq.gz,MSM5LLE9_P,P,MSM5LLE9_P
MSM5FZ9X_P.fastq.gz,MSM5FZ9X_P,P,MSM5FZ9X_P
MSM5FZA2_P.fastq.gz,MSM5FZA2_P,P,MSM5FZA2_P
MSM5ZOJY_P.fastq.gz,MSM5ZOJY_P,P,MSM5ZOJY_P
MSM633FF_P.fastq.gz,MSM633FF_P,P,MSM633FF_P
CSM5LLGB_P.fastq.gz,CSM5LLGB_P,P,CSM5LLGB_P
MSM5LLGH_P.fastq.gz,MSM5LLGH_P,P,MSM5LLGH_P
MSM5LLGF_P.fastq.gz,MSM5LLGF_P,P,MSM5LLGF_P
MSM5LLGD_P.fastq.gz,MSM5LLGD_P,P,MSM5LLGD_P
MSM5LLGJ_P.fastq.gz,MSM5LLGJ_P,P,MSM5LLGJ_P
MSM5LLGL.tar,MSM5LLGL,STD,MSM5LLGL
MSM6J2IQ.tar,MSM6J2IQ,STD,MSM6J2IQ
MSM6J2IY.tar,MSM6J2IY,STD,MSM6J2IY
MSM6J2J1.tar,MSM6J2J1,STD,MSM6J2J1
MSM6J2QR.tar,MSM6J2QR,STD,MSM6J2QR
SM-6WOC3.tar,SM-6WOC3,VIR,SM-6WOC3
SM-77FXO.tar,SM-77FXO,VIR,SM-77FXO
MSM5LLHR_P.fastq.gz,MSM5LLHR_P,P,MSM5LLHR_P
MSM5LLIE_P.fastq.gz,MSM5LLIE_P,P,MSM5LLIE_P
MSM5LLIG_P.fastq.gz,MSM5LLIG_P,P,MSM5LLIG_P
MSM5LLIK_P.fastq.gz,MSM5LLIK_P,P,MSM5LLIK_P
MSM5LLIM_P.fastq.gz,MSM5LLIM_P,P,MSM5LLIM_P
MSM5LLEP.tar,MSM5LLEP,STD,MSM5LLEP
MSM5LLER.tar,MSM5LLER,STD,MSM5LLER
MSM6J2LT.tar,MSM6J2LT,STD,MSM6J2LT
SM-6V47A.tar,SM-6V47A,VIR,SM-6V47A
MSM5LLHV_P.fastq.gz,MSM5LLHV_P,P,MSM5LLHV_P
MSM5LLIC_P.fastq.gz,MSM5LLIC_P,P,MSM5LLIC_P
MSM5LLHE_P.fastq.gz,MSM5LLHE_P,P,MSM5LLHE_P
MSM5LLHG_P.fastq.gz,MSM5LLHG_P,P,MSM5LLHG_P
MSM5LLHI_P.fastq.gz,MSM5LLHI_P,P,MSM5LLHI_P
MSM5LLHO_P.fastq.gz,MSM5LLHO_P,P,MSM5LLHO_P
MSM6J2J3.tar,MSM6J2J3,STD,MSM6J2J3
MSM6J2J5.tar,MSM6J2J5,STD,MSM6J2J5
MSM6J2JB.tar,MSM6J2JB,STD,MSM6J2JB
MSM6J2JD.tar,MSM6J2JD,STD,MSM6J2JD
MSM6J2PK.tar,MSM6J2PK,STD,MSM6J2PK
MSM6J2PM.tar,MSM6J2PM,STD,MSM6J2PM
SM-6WOCA.tar,SM-6WOCA,VIR,SM-6WOCA
SM-6Y2UM.tar,SM-6Y2UM,VIR,SM-6Y2UM
SM-734RH.tar,SM-734RH,VIR,SM-734RH
SM-7ED9G.tar,SM-7ED9G,VIR,SM-7ED9G
MSM5LLIQ_P.fastq.gz,MSM5LLIQ_P,P,MSM5LLIQ_P
MSM5LLFK_P.fastq.gz,MSM5LLFK_P,P,MSM5LLFK_P
MSM5LLFM_P.fastq.gz,MSM5LLFM_P,P,MSM5LLFM_P
MSM5LLFO_P.fastq.gz,MSM5LLFO_P,P,MSM5LLFO_P
MSM5LLFU_P.fastq.gz,MSM5LLFU_P,P,MSM5LLFU_P
MSM6J2HB.tar,MSM6J2HB,STD,MSM6J2HB
MSM6J2HD.tar,MSM6J2HD,STD,MSM6J2HD
MSM6J2HF.tar,MSM6J2HF,STD,MSM6J2HF
MSM6J2HH.tar,MSM6J2HH,STD,MSM6J2HH
MSM6J2HJ.tar,MSM6J2HJ,STD,MSM6J2HJ
MSM6J2HL.tar,MSM6J2HL,STD,MSM6J2HL
MSM6J2OH.tar,MSM6J2OH,STD,MSM6J2OH
MSM6J2OJ.tar,MSM6J2OJ,STD,MSM6J2OJ
MSM6J2OL.tar,MSM6J2OL,STD,MSM6J2OL
MSM6J2ON.tar,MSM6J2ON,STD,MSM6J2ON
MSM6J2OP.tar,MSM6J2OP,STD,MSM6J2OP
MSM79HEA.tar,MSM79HEA,STD,MSM79HEA
SM-7H4H2.tar,SM-7H4H2,VIR,SM-7H4H2
MSM5LLIS_P.fastq.gz,MSM5LLIS_P,P,MSM5LLIS_P
MSM5LLH2_P.fastq.gz,MSM5LLH2_P,P,MSM5LLH2_P
MSM5LLH4_P.fastq.gz,MSM5LLH4_P,P,MSM5LLH4_P
MSM5LLH8_P.fastq.gz,MSM5LLH8_P,P,MSM5LLH8_P
MSM5LLHA_P.fastq.gz,MSM5LLHA_P,P,MSM5LLHA_P
MSM5LLHC.tar,MSM5LLHC,STD,MSM5LLHC
MSM6J2KC.tar,MSM6J2KC,STD,MSM6J2KC
MSM6J2KE.tar,MSM6J2KE,STD,MSM6J2KE
MSM6J2KM.tar,MSM6J2KM,STD,MSM6J2KM
MSM6J2R2.tar,MSM6J2R2,STD,MSM6J2R2
MSM6J2R8.tar,MSM6J2R8,STD,MSM6J2R8
MSM6J2RA.tar,MSM6J2RA,STD,MSM6J2RA
MSM6J2RC.tar,MSM6J2RC,STD,MSM6J2RC
SM-6X9VY.tar,SM-6X9VY,VIR,SM-6X9VY
SM-6XSKU.tar,SM-6XSKU,VIR,SM-6XSKU
SM-6ZEV2.tar,SM-6ZEV2,VIR,SM-6ZEV2
SM-74Y7I.tar,SM-74Y7I,VIR,SM-74Y7I
SM-77FYE.tar,SM-77FYE,VIR,SM-77FYE
SM-7DN34.tar,SM-7DN34,VIR,SM-7DN34
SM-7KMR5.tar,SM-7KMR5,VIR,SM-7KMR5
MSM5LLFG_P.fastq.gz,MSM5LLFG_P,P,MSM5LLFG_P
MSM5LLGN_P.fastq.gz,MSM5LLGN_P,P,MSM5LLGN_P
MSM5LLGR_P.fastq.gz,MSM5LLGR_P,P,MSM5LLGR_P
MSM6J2IE.tar,MSM6J2IE,STD,MSM6J2IE
MSM6J2IG.tar,MSM6J2IG,STD,MSM6J2IG
MSM6J2II.tar,MSM6J2II,STD,MSM6J2II
MSM6J2IK.tar,MSM6J2IK,STD,MSM6J2IK
MSM6J2IM.tar,MSM6J2IM,STD,MSM6J2IM
MSM6J2IO.tar,MSM6J2IO,STD,MSM6J2IO
MSM6J2Q3.tar,MSM6J2Q3,STD,MSM6J2Q3
MSM6J2Q5.tar,MSM6J2Q5,STD,MSM6J2Q5
MSM6J2Q7.tar,MSM6J2Q7,STD,MSM6J2Q7
MSM6J2Q9.tar,MSM6J2Q9,STD,MSM6J2Q9
MSM6J2QB.tar,MSM6J2QB,STD,MSM6J2QB
MSM6J2QD.tar,MSM6J2QD,STD,MSM6J2QD
MSM79H63.tar,MSM79H63,STD,MSM79H63
MSM79H65.tar,MSM79H65,STD,MSM79H65
MSM79H67.tar,MSM79H67,STD,MSM79H67
MSM79H69.tar,MSM79H69,STD,MSM79H69
MSM79H6B.tar,MSM79H6B,STD,MSM79H6B
SM-6V2D9.tar,SM-6V2D9,VIR,SM-6V2D9
SM-76EOE.tar,SM-76EOE,VIR,SM-76EOE
SM-7IL11.tar,SM-7IL11,VIR,SM-7IL11
MSM5LLF2_P.fastq.gz,MSM5LLF2_P,P,MSM5LLF2_P
MSM5LLF4.tar,MSM5LLF4,STD,MSM5LLF4
MSM5LLF6.tar,MSM5LLF6,STD,MSM5LLF6
MSM5LLF8.tar,MSM5LLF8,STD,MSM5LLF8
MSM6J2LH.tar,MSM6J2LH,STD,MSM6J2LH
MSM6J2LJ.tar,MSM6J2LJ,STD,MSM6J2LJ
MSM6J2LL.tar,MSM6J2LL,STD,MSM6J2LL
MSM6J2LN.tar,MSM6J2LN,STD,MSM6J2LN
MSM6J2LR.tar,MSM6J2LR,STD,MSM6J2LR
MSM6J2MB.tar,MSM6J2MB,STD,MSM6J2MB
MSM6J2MD.tar,MSM6J2MD,STD,MSM6J2MD
MSM6J2MF.tar,MSM6J2MF,STD,MSM6J2MF
MSM6J2MH.tar,MSM6J2MH,STD,MSM6J2MH
MSM6J2MJ.tar,MSM6J2MJ,STD,MSM6J2MJ
MSM6J2ML.tar,MSM6J2ML,STD,MSM6J2ML
MSM79HBN.tar,MSM79HBN,STD,MSM79HBN
MSM79HBP.tar,MSM79HBP,STD,MSM79HBP
MSM79HBR.tar,MSM79HBR,STD,MSM79HBR
MSM79HBT.tar,MSM79HBT,STD,MSM79HBT
MSM79HBV.tar,MSM79HBV,STD,MSM79HBV
SM-73BNG.tar,SM-73BNG,VIR,SM-73BNG
SM-76EO3.tar,SM-76EO3,VIR,SM-76EO3
SM-7E5EJ.tar,SM-7E5EJ,VIR,SM-7E5EJ
SM-7IWER.tar,SM-7IWER,VIR,SM-7IWER
SM-7KPV7.tar,SM-7KPV7,VIR,SM-7KPV7
CSM6J2H9_P.fastq.gz,CSM6J2H9_P,P,CSM6J2H9_P
MSM6J2HN.tar,MSM6J2HN,STD,MSM6J2HN
MSM6J2HP.tar,MSM6J2HP,STD,MSM6J2HP
MSM6J2HR.tar,MSM6J2HR,STD,MSM6J2HR
MSM6J2HT.tar,MSM6J2HT,STD,MSM6J2HT
MSM6J2QL.tar,MSM6J2QL,STD,MSM6J2QL
MSM6J2QH.tar,MSM6J2QH,STD,MSM6J2QH
MSM6J2QP.tar,MSM6J2QP,STD,MSM6J2QP
MSM6J2QJ.tar,MSM6J2QJ,STD,MSM6J2QJ
MSM6J2QF.tar,MSM6J2QF,STD,MSM6J2QF
MSM79H5Q.tar,MSM79H5Q,STD,MSM79H5Q
MSM79H5U.tar,MSM79H5U,STD,MSM79H5U
MSM79H5Y.tar,MSM79H5Y,STD,MSM79H5Y
MSM79H5S.tar,MSM79H5S,STD,MSM79H5S
MSM79HAH.tar,MSM79HAH,STD,MSM79HAH
SM-6XSKY.tar,SM-6XSKY,VIR,SM-6XSKY
SM-6ZJI3.tar,SM-6ZJI3,VIR,SM-6ZJI3
SM-71ZVB.tar,SM-71ZVB,VIR,SM-71ZVB
SM-7B7LG.tar,SM-7B7LG,VIR,SM-7B7LG
SM-7CP2G.tar,SM-7CP2G,VIR,SM-7CP2G
SM-7GYIZ.tar,SM-7GYIZ,VIR,SM-7GYIZ
SM-7M36N.tar,SM-7M36N,VIR,SM-7M36N
SM-7RFY8.tar,SM-7RFY8,VIR,SM-7RFY8
SM-9WYEE.tar,SM-9WYEE,VIR,SM-9WYEE
MSM6J2JF_P.fastq.gz,MSM6J2JF_P,P,MSM6J2JF_P
MSM6J2JN.tar,MSM6J2JN,STD,MSM6J2JN
MSM6J2JP.tar,MSM6J2JP,STD,MSM6J2JP
MSM6J2JR.tar,MSM6J2JR,STD,MSM6J2JR
MSM6J2JT.tar,MSM6J2JT,STD,MSM6J2JT
MSM6J2LV.tar,MSM6J2LV,STD,MSM6J2LV
MSM6J2SE.tar,MSM6J2SE,STD,MSM6J2SE
MSM6J2SI.tar,MSM6J2SI,STD,MSM6J2SI
MSM6J2SK.tar,MSM6J2SK,STD,MSM6J2SK
MSM79HES.tar,MSM79HES,STD,MSM79HES
MSM79HEU.tar,MSM79HEU,STD,MSM79HEU
MSM79HEW.tar,MSM79HEW,STD,MSM79HEW
MSM79HEY.tar,MSM79HEY,STD,MSM79HEY
MSM79HB6.tar,MSM79HB6,STD,MSM79HB6
SM-6Y2UU.tar,SM-6Y2UU,VIR,SM-6Y2UU
SM-6ZEV4.tar,SM-6ZEV4,VIR,SM-6ZEV4
SM-72ZHH.tar,SM-72ZHH,VIR,SM-72ZHH
SM-7CP39.tar,SM-7CP39,VIR,SM-7CP39
SM-7ED9P.tar,SM-7ED9P,VIR,SM-7ED9P
SM-7K25J.tar,SM-7K25J,VIR,SM-7K25J
SM-9KONF.tar,SM-9KONF,VIR,SM-9KONF
SM-9QMNB.tar,SM-9QMNB,VIR,SM-9QMNB
SM-A312U.tar,SM-A312U,VIR,SM-A312U
MSM6J2JH_P.fastq.gz,MSM6J2JH_P,P,MSM6J2JH_P
MSM6J2JZ.tar,MSM6J2JZ,STD,MSM6J2JZ
MSM6J2K2.tar,MSM6J2K2,STD,MSM6J2K2
MSM6J2K4.tar,MSM6J2K4,STD,MSM6J2K4
MSM6J2K6.tar,MSM6J2K6,STD,MSM6J2K6
MSM6J2K8.tar,MSM6J2K8,STD,MSM6J2K8
MSM6J2KA.tar,MSM6J2KA,STD,MSM6J2KA
MSM6J2RK.tar,MSM6J2RK,STD,MSM6J2RK
MSM6J2RM.tar,MSM6J2RM,STD,MSM6J2RM
MSM6J2RO.tar,MSM6J2RO,STD,MSM6J2RO
MSM6J2RQ.tar,MSM6J2RQ,STD,MSM6J2RQ
MSM6J2RU.tar,MSM6J2RU,STD,MSM6J2RU
MSM6J2RS.tar,MSM6J2RS,STD,MSM6J2RS
MSM79H6D.tar,MSM79H6D,STD,MSM79H6D
MSM79H6F.tar,MSM79H6F,STD,MSM79H6F
MSM79H6J.tar,MSM79H6J,STD,MSM79H6J
MSM79H6H.tar,MSM79H6H,STD,MSM79H6H
MSM79H6L.tar,MSM79H6L,STD,MSM79H6L
MSM79H6N.tar,MSM79H6N,STD,MSM79H6N
MSM79H9Y.tar,MSM79H9Y,STD,MSM79H9Y
MSM79HA1.tar,MSM79HA1,STD,MSM79HA1
MSM79HA3.tar,MSM79HA3,STD,MSM79HA3
MSM79HA7.tar,MSM79HA7,STD,MSM79HA7
SM-6Y87K.tar,SM-6Y87K,VIR,SM-6Y87K
SM-6ZEUL.tar,SM-6ZEUL,VIR,SM-6ZEUL
SM-6ZT2P.tar,SM-6ZT2P,VIR,SM-6ZT2P
SM-7CRWR.tar,SM-7CRWR,VIR,SM-7CRWR
SM-7FY2O.tar,SM-7FY2O,VIR,SM-7FY2O
SM-7MCTO.tar,SM-7MCTO,VIR,SM-7MCTO
SM-9KOON.tar,SM-9KOON,VIR,SM-9KOON
SM-9SNJ5.tar,SM-9SNJ5,VIR,SM-9SNJ5
MSM6J2PO.tar,MSM6J2PO,STD,MSM6J2PO
MSM6J2PQ_P.fastq.gz,MSM6J2PQ_P,P,MSM6J2PQ_P
MSM6J2PS.tar,MSM6J2PS,STD,MSM6J2PS
MSM6J2PU.tar,MSM6J2PU,STD,MSM6J2PU
MSM6J2PW.tar,MSM6J2PW,STD,MSM6J2PW
MSM79HC4.tar,MSM79HC4,STD,MSM79HC4
MSM79HC8.tar,MSM79HC8,STD,MSM79HC8
MSM79H7O.tar,MSM79H7O,STD,MSM79H7O
MSM79H7Q.tar,MSM79H7Q,STD,MSM79H7Q
MSM79H7W.tar,MSM79H7W,STD,MSM79H7W
MSM79H7Y.tar,MSM79H7Y,STD,MSM79H7Y
MSM9VZNH.tar,MSM9VZNH,STD,MSM9VZNH
MSM9VZNH_TR.tar,MSM9VZNH_TR,TR,MSM9VZNH_TR
MSM9VZNL.tar,MSM9VZNL,STD,MSM9VZNL
SM-7GYI3.tar,SM-7GYI3,VIR,SM-7GYI3
SM-7K1UP.tar,SM-7K1UP,VIR,SM-7K1UP
SM-9JM8W.tar,SM-9JM8W,VIR,SM-9JM8W
SM-9OS61.tar,SM-9OS61,VIR,SM-9OS61
SM-9WJXI.tar,SM-9WJXI,VIR,SM-9WJXI
SM-9Y7CX.tar,SM-9Y7CX,VIR,SM-9Y7CX
SM-A5A1P.tar,SM-A5A1P,VIR,SM-A5A1P
SM-A8GSW.tar,SM-A8GSW,VIR,SM-A8GSW
SM-ADYKB.tar,SM-ADYKB,VIR,SM-ADYKB
MSM6J2Q1.tar,MSM6J2Q1,STD,MSM6J2Q1
MSM6J2LW.tar,MSM6J2LW,STD,MSM6J2LW
MSM6J2LY.tar,MSM6J2LY,STD,MSM6J2LY
MSM6J2M3_P.fastq.gz,MSM6J2M3_P,P,MSM6J2M3_P
MSM6J2M3.tar,MSM6J2M3,STD,MSM6J2M3
MSM79HBL.tar,MSM79HBL,STD,MSM79HBL
MSM79HFW.tar,MSM79HFW,STD,MSM79HFW
MSM79HFY.tar,MSM79HFY,STD,MSM79HFY
MSM79H6Y.tar,MSM79H6Y,STD,MSM79H6Y
MSM79HBB.tar,MSM79HBB,STD,MSM79HBB
SM-787I5.tar,SM-787I5,VIR,SM-787I5
SM-7GCHD.tar,SM-7GCHD,VIR,SM-7GCHD
SM-9P5G4.tar,SM-9P5G4,VIR,SM-9P5G4
SM-A375E.tar,SM-A375E,VIR,SM-A375E
MSM6J2RG_P.fastq.gz,MSM6J2RG_P,P,MSM6J2RG_P
MSM6J2N6_P.fastq.gz,MSM6J2N6_P,P,MSM6J2N6_P
MSM79H52_P.fastq.gz,MSM79H52_P,P,MSM79H52_P
MSM79H54.tar,MSM79H54,STD,MSM79H54
MSM79H58.tar,MSM79H58,STD,MSM79H58
MSM79H5A.tar,MSM79H5A,STD,MSM79H5A
MSM79H9A.tar,MSM79H9A,STD,MSM79H9A
MSM79H9C.tar,MSM79H9C,STD,MSM79H9C
MSM79H9G.tar,MSM79H9G,STD,MSM79H9G
MSM79H9K.tar,MSM79H9K,STD,MSM79H9K
MSM9VZF7.tar,MSM9VZF7,STD,MSM9VZF7
MSM9VZFF.tar,MSM9VZFF,STD,MSM9VZFF
MSM9VZFH.tar,MSM9VZFH,STD,MSM9VZFH
MSM9VZPT.tar,MSM9VZPT,STD,MSM9VZPT
SM-7K56L.tar,SM-7K56L,VIR,SM-7K56L
SM-9LB64.tar,SM-9LB64,VIR,SM-9LB64
SM-9W3B1.tar,SM-9W3B1,VIR,SM-9W3B1
SM-9WSQP.tar,SM-9WSQP,VIR,SM-9WSQP
SM-A9F6V.tar,SM-A9F6V,VIR,SM-A9F6V
MSM79H5E.tar,MSM79H5E,STD,MSM79H5E
MSM79H5G.tar,MSM79H5G,STD,MSM79H5G
MSM79H5K.tar,MSM79H5K,STD,MSM79H5K
MSM79H5M.tar,MSM79H5M,STD,MSM79H5M
MSM79H9M.tar,MSM79H9M,STD,MSM79H9M
MSM79H9Q.tar,MSM79H9Q,STD,MSM79H9Q
MSM79H9W.tar,MSM79H9W,STD,MSM79H9W
MSM9VZGO.tar,MSM9VZGO,STD,MSM9VZGO
MSM9VZGS.tar,MSM9VZGS,STD,MSM9VZGS
MSM9VZGU.tar,MSM9VZGU,STD,MSM9VZGU
MSM9VZLJ.tar,MSM9VZLJ,STD,MSM9VZLJ
MSM9VZHB.tar,MSM9VZHB,STD,MSM9VZHB
MSM9VZHF.tar,MSM9VZHF,STD,MSM9VZHF
SM-7I1GQ.tar,SM-7I1GQ,VIR,SM-7I1GQ
SM-7K25B.tar,SM-7K25B,VIR,SM-7K25B
SM-7MWXI.tar,SM-7MWXI,VIR,SM-7MWXI
SM-9MPH5.tar,SM-9MPH5,VIR,SM-9MPH5
SM-9RRZJ.tar,SM-9RRZJ,VIR,SM-9RRZJ
SM-9Y7DZ.tar,SM-9Y7DZ,VIR,SM-9Y7DZ
SM-A4UVS.tar,SM-A4UVS,VIR,SM-A4UVS
SM-AF6NC.tar,SM-AF6NC,VIR,SM-AF6NC
SM-AMR38.tar,SM-AMR38,VIR,SM-AMR38
SM-ARMDF.tar,SM-ARMDF,VIR,SM-ARMDF
MSM79HF1_P.fastq.gz,MSM79HF1_P,P,MSM79HF1_P
MSM79HF3.tar,MSM79HF3,STD,MSM79HF3
MSM79HF5.tar,MSM79HF5,STD,MSM79HF5
MSM79HF7.tar,MSM79HF7,STD,MSM79HF7
MSM79HF9.tar,MSM79HF9,STD,MSM79HF9
MSM79HF9_TR.tar,MSM79HF9_TR,TR,MSM79HF9_TR
MSM79HFB.tar,MSM79HFB,STD,MSM79HFB
MSM79HAJ.tar,MSM79HAJ,STD,MSM79HAJ
MSM79HAL.tar,MSM79HAL,STD,MSM79HAL
MSM79HAN.tar,MSM79HAN,STD,MSM79HAN
MSM79HAT.tar,MSM79HAT,STD,MSM79HAT
MSM79HAR.tar,MSM79HAR,STD,MSM79HAR
MSM9VZLL.tar,MSM9VZLL,STD,MSM9VZLL
MSM9VZLN.tar,MSM9VZLN,STD,MSM9VZLN
MSM9VZLP.tar,MSM9VZLP,STD,MSM9VZLP
MSM9VZLR.tar,MSM9VZLR,STD,MSM9VZLR
MSM9VZLV.tar,MSM9VZLV,STD,MSM9VZLV
MSM9VZLT.tar,MSM9VZLT,STD,MSM9VZLT
MSMA26ER.tar,MSMA26ER,STD,MSMA26ER
MSMA26ET.tar,MSMA26ET,STD,MSMA26ET
MSMA26EZ.tar,MSMA26EZ,STD,MSMA26EZ
MSMA2688.tar,MSMA2688,STD,MSMA2688
SM-7RYA9.tar,SM-7RYA9,VIR,SM-7RYA9
SM-9LISD.tar,SM-9LISD,VIR,SM-9LISD
SM-9PJ15.tar,SM-9PJ15,VIR,SM-9PJ15
SM-9SNKK.tar,SM-9SNKK,VIR,SM-9SNKK
SM-A9F5L.tar,SM-A9F5L,VIR,SM-A9F5L
SM-A9VSD.tar,SM-A9VSD,VIR,SM-A9VSD
SM-AGUN4.tar,SM-AGUN4,VIR,SM-AGUN4
SM-AKTZ4.tar,SM-AKTZ4,VIR,SM-AKTZ4
SM-AW573.tar,SM-AW573,VIR,SM-AW573
MSM79H9U_P.fastq.gz,MSM79H9U_P,P,MSM79H9U_P
MSM79HBX_P.fastq.gz,MSM79HBX_P,P,MSM79HBX_P
MSM79HDK.tar,MSM79HDK,STD,MSM79HDK
MSM79HDM.tar,MSM79HDM,STD,MSM79HDM
MSM79HDO.tar,MSM79HDO,STD,MSM79HDO
MSM79HDQ.tar,MSM79HDQ,STD,MSM79HDQ
MSM79HDQ_TR.tar,MSM79HDQ_TR,TR,MSM79HDQ_TR
MSM79HDS.tar,MSM79HDS,STD,MSM79HDS
MSM79HDU.tar,MSM79HDU,STD,MSM79HDU
MSM79H98.tar,MSM79H98,STD,MSM79H98
MSM9VZEK.tar,MSM9VZEK,STD,MSM9VZEK
MSM9VZEK_TR.tar,MSM9VZEK_TR,TR,MSM9VZEK_TR
MSM9VZEM.tar,MSM9VZEM,STD,MSM9VZEM
MSM9VZEO.tar,MSM9VZEO,STD,MSM9VZEO
MSM9VZEQ.tar,MSM9VZEQ,STD,MSM9VZEQ
MSM9VZES.tar,MSM9VZES,STD,MSM9VZES
MSM7J16J.tar,MSM7J16J,STD,MSM7J16J
MSM7J16L.tar,MSM7J16L,STD,MSM7J16L
MSM7J16N.tar,MSM7J16N,STD,MSM7J16N
MSM7J16P.tar,MSM7J16P,STD,MSM7J16P
MSM7J16R.tar,MSM7J16R,STD,MSM7J16R
MSM9VZJB.tar,MSM9VZJB,STD,MSM9VZJB
MSMA26AL.tar,MSMA26AL,STD,MSMA26AL
MSMA26AN.tar,MSMA26AN,STD,MSMA26AN
MSMA26AP.tar,MSMA26AP,STD,MSMA26AP
MSMA26AR.tar,MSMA26AR,STD,MSMA26AR
MSMA26AT.tar,MSMA26AT,STD,MSMA26AT
SM-9RTUY.tar,SM-9RTUY,VIR,SM-9RTUY
SM-A12KK.tar,SM-A12KK,VIR,SM-A12KK
SM-AADKV.tar,SM-AADKV,VIR,SM-AADKV
SM-AEB6F.tar,SM-AEB6F,VIR,SM-AEB6F
SM-AOMTB.tar,SM-AOMTB,VIR,SM-AOMTB
MSM79HBZ.tar,MSM79HBZ,STD,MSM79HBZ
MSM79HD8_P.fastq.gz,MSM79HD8_P,P,MSM79HD8_P
MSM79HDA.tar,MSM79HDA,STD,MSM79HDA
MSM79HDC.tar,MSM79HDC,STD,MSM79HDC
MSM79HDE.tar,MSM79HDE,STD,MSM79HDE
MSM79HDG.tar,MSM79HDG,STD,MSM79HDG
MSM79HDG_TR.tar,MSM79HDG_TR,TR,MSM79HDG_TR
MSM79HDI.tar,MSM79HDI,STD,MSM79HDI
MSM9VZEU.tar,MSM9VZEU,STD,MSM9VZEU
MSM9VZEW.tar,MSM9VZEW,STD,MSM9VZEW
MSM9VZEY.tar,MSM9VZEY,STD,MSM9VZEY
MSM9VZF1.tar,MSM9VZF1,STD,MSM9VZF1
MSM9VZF3.tar,MSM9VZF3,STD,MSM9VZF3
MSM9VZF5.tar,MSM9VZF5,STD,MSM9VZF5
MSM9VZOY.tar,MSM9VZOY,STD,MSM9VZOY
MSM9VZOU.tar,MSM9VZOU,STD,MSM9VZOU
MSM9VZOW.tar,MSM9VZOW,STD,MSM9VZOW
MSM9VZOS.tar,MSM9VZOS,STD,MSM9VZOS
MSM9VZP1.tar,MSM9VZP1,STD,MSM9VZP1
MSM9VZP3.tar,MSM9VZP3,STD,MSM9VZP3
MSMA26EH.tar,MSMA26EH,STD,MSMA26EH
MSMA26EJ.tar,MSMA26EJ,STD,MSMA26EJ
MSMA26EL.tar,MSMA26EL,STD,MSMA26EL
MSMA26EN.tar,MSMA26EN,STD,MSMA26EN
MSMA26EP.tar,MSMA26EP,STD,MSMA26EP
SM-9NBEM.tar,SM-9NBEM,VIR,SM-9NBEM
SM-9QMOE.tar,SM-9QMOE,VIR,SM-9QMOE
SM-9SIJC.tar,SM-9SIJC,VIR,SM-9SIJC
SM-9VW91.tar,SM-9VW91,VIR,SM-9VW91
SM-9XG8C.tar,SM-9XG8C,VIR,SM-9XG8C
SM-9ZA1F.tar,SM-9ZA1F,VIR,SM-9ZA1F
SM-A1ZVI.tar,SM-A1ZVI,VIR,SM-A1ZVI
SM-A4GB5.tar,SM-A4GB5,VIR,SM-A4GB5
SM-A77UP.tar,SM-A77UP,VIR,SM-A77UP
SM-A9F63.tar,SM-A9F63,VIR,SM-A9F63
SM-AF6MN.tar,SM-AF6MN,VIR,SM-AF6MN
SM-AGUNF.tar,SM-AGUNF,VIR,SM-AGUNF
SM-AIG6M.tar,SM-AIG6M,VIR,SM-AIG6M
SM-AKTYV.tar,SM-AKTYV,VIR,SM-AKTYV
SM-AN8MO.tar,SM-AN8MO,VIR,SM-AN8MO
SM-APDY6.tar,SM-APDY6,VIR,SM-APDY6
SM-ARMBH.tar,SM-ARMBH,VIR,SM-ARMBH
SM-AVACV.tar,SM-AVACV,VIR,SM-AVACV
SM-AXQRB.tar,SM-AXQRB,VIR,SM-AXQRB
MSM79HD6_P.fastq.gz,MSM79HD6_P,P,MSM79HD6_P
MSM79H7C.tar,MSM79H7C,STD,MSM79H7C
MSM79H7E.tar,MSM79H7E,STD,MSM79H7E
MSM79H7M.tar,MSM79H7M,STD,MSM79H7M
MSM79H7G.tar,MSM79H7G,STD,MSM79H7G
MSMA26AX.tar,MSMA26AX,STD,MSMA26AX
MSMA26AZ.tar,MSMA26AZ,STD,MSMA26AZ
MSMA26AZ_TR.tar,MSMA26AZ_TR,TR,MSMA26AZ_TR
MSMA26AV.tar,MSMA26AV,STD,MSMA26AV
MSMB4LZ4.tar,MSMB4LZ4,STD,MSMB4LZ4
SM-9VWCC.tar,SM-9VWCC,VIR,SM-9VWCC
SM-9X47T.tar,SM-9X47T,VIR,SM-9X47T
SM-AAHYC.tar,SM-AAHYC,VIR,SM-AAHYC
SM-AUNQ4.tar,SM-AUNQ4,VIR,SM-AUNQ4
SM-AYIRK.tar,SM-AYIRK,VIR,SM-AYIRK
SM-CMUKM.tar,SM-CMUKM,VIR,SM-CMUKM
MSM79HCG.tar,MSM79HCG,STD,MSM79HCG
MSM79HCI.tar,MSM79HCI,STD,MSM79HCI
MSM79HCK.tar,MSM79HCK,STD,MSM79HCK
MSM79HCN_P.fastq.gz,MSM79HCN_P,P,MSM79HCN_P
MSM79HCP.tar,MSM79HCP,STD,MSM79HCP
MSM79HCR.tar,MSM79HCR,STD,MSM79HCR
MSM79H81.tar,MSM79H81,STD,MSM79H81
MSM79H83.tar,MSM79H83,STD,MSM79H83
MSM79H85.tar,MSM79H85,STD,MSM79H85
MSM79H87.tar,MSM79H87,STD,MSM79H87
MSM79H89.tar,MSM79H89,STD,MSM79H89
MSM79H8B.tar,MSM79H8B,STD,MSM79H8B
MSM9VZOG.tar,MSM9VZOG,STD,MSM9VZOG
MSM9VZOI.tar,MSM9VZOI,STD,MSM9VZOI
MSM9VZOK.tar,MSM9VZOK,STD,MSM9VZOK
MSM9VZOM.tar,MSM9VZOM,STD,MSM9VZOM
MSM9VZOO.tar,MSM9VZOO,STD,MSM9VZOO
MSM9VZOQ.tar,MSM9VZOQ,STD,MSM9VZOQ
MSM9VZHJ.tar,MSM9VZHJ,STD,MSM9VZHJ
MSM9VZHL.tar,MSM9VZHL,STD,MSM9VZHL
MSM9VZHN.tar,MSM9VZHN,STD,MSM9VZHN
MSM9VZHP.tar,MSM9VZHP,STD,MSM9VZHP
MSM9VZHR.tar,MSM9VZHR,STD,MSM9VZHR
MSM9VZHT.tar,MSM9VZHT,STD,MSM9VZHT
SM-9N78Z.tar,SM-9N78Z,VIR,SM-9N78Z
SM-9RRZ6.tar,SM-9RRZ6,VIR,SM-9RRZ6
SM-9U25W.tar,SM-9U25W,VIR,SM-9U25W
SM-9WO1B.tar,SM-9WO1B,VIR,SM-9WO1B
SM-9Y491.tar,SM-9Y491,VIR,SM-9Y491
SM-A373I.tar,SM-A373I,VIR,SM-A373I
SM-ACTMW.tar,SM-ACTMW,VIR,SM-ACTMW
SM-AFSHO.tar,SM-AFSHO,VIR,SM-AFSHO
SM-ALM8R.tar,SM-ALM8R,VIR,SM-ALM8R
SM-ANJ7Y.tar,SM-ANJ7Y,VIR,SM-ANJ7Y
SM-ARHO4.tar,SM-ARHO4,VIR,SM-ARHO4
SM-AWQJ7.tar,SM-AWQJ7,VIR,SM-AWQJ7
MSM79H8D.tar,MSM79H8D,STD,MSM79H8D
MSM79H8F.tar,MSM79H8F,STD,MSM79H8F
MSM79H8H.tar,MSM79H8H,STD,MSM79H8H
MSM79H8J_P.fastq.gz,MSM79H8J_P,P,MSM79H8J_P
MSM79H8L.tar,MSM79H8L,STD,MSM79H8L
MSM79H8N.tar,MSM79H8N,STD,MSM79H8N
MSM9VZJZ.tar,MSM9VZJZ,STD,MSM9VZJZ
MSM9VZGW.tar,MSM9VZGW,STD,MSM9VZGW
MSM9VZGY.tar,MSM9VZGY,STD,MSM9VZGY
MSM9VZH7.tar,MSM9VZH7,STD,MSM9VZH7
MSMAPC7J.tar,MSMAPC7J,STD,MSMAPC7J
SM-9ZJI9.tar,SM-9ZJI9,VIR,SM-9ZJI9
SM-A9F61.tar,SM-A9F61,VIR,SM-A9F61
SM-AI38I.tar,SM-AI38I,VIR,SM-AI38I
SM-B5F8Z.tar,SM-B5F8Z,VIR,SM-B5F8Z
MSM79H94_P.fastq.gz,MSM79H94_P,P,MSM79H94_P
MSM9VZMA.tar,MSM9VZMA,STD,MSM9VZMA
MSM9VZMA_TR.tar,MSM9VZMA_TR,TR,MSM9VZMA_TR
MSM9VZME.tar,MSM9VZME,STD,MSM9VZME
MSM9VZMC.tar,MSM9VZMC,STD,MSM9VZMC
MSM9VZMI.tar,MSM9VZMI,STD,MSM9VZMI
MSM9VZHX.tar,MSM9VZHX,STD,MSM9VZHX
MSM9VZHZ.tar,MSM9VZHZ,STD,MSM9VZHZ
MSM9VZI2.tar,MSM9VZI2,STD,MSM9VZI2
MSM9VZI6.tar,MSM9VZI6,STD,MSM9VZI6
MSMAPC7P.tar,MSMAPC7P,STD,MSMAPC7P
MSMAPC7R.tar,MSMAPC7R,STD,MSMAPC7R
MSMAPC7T.tar,MSMAPC7T,STD,MSMAPC7T
MSMB4LZC.tar,MSMB4LZC,STD,MSMB4LZC
SM-A8GSK.tar,SM-A8GSK,VIR,SM-A8GSK
SM-AK8KQ.tar,SM-AK8KQ,VIR,SM-AK8KQ
SM-AQJXU.tar,SM-AQJXU,VIR,SM-AQJXU
SM-AU2MI.tar,SM-AU2MI,VIR,SM-AU2MI
SM-AYMHU.tar,SM-AYMHU,VIR,SM-AYMHU
SM-BYB94.tar,SM-BYB94,VIR,SM-BYB94
SM-BZ5M7.tar,SM-BZ5M7,VIR,SM-BZ5M7
SM-CNW2F.tar,SM-CNW2F,VIR,SM-CNW2F
MSM9VZFJ_P.fastq.gz,MSM9VZFJ_P,P,MSM9VZFJ_P
MSM9VZFL.tar,MSM9VZFL,STD,MSM9VZFL
MSM9VZFN.tar,MSM9VZFN,STD,MSM9VZFN
MSM9VZFR.tar,MSM9VZFR,STD,MSM9VZFR
MSM9VZFT.tar,MSM9VZFT,STD,MSM9VZFT
MSM9VZKC.tar,MSM9VZKC,STD,MSM9VZKC
MSM9VZKE.tar,MSM9VZKE,STD,MSM9VZKE
MSM9VZKI.tar,MSM9VZKI,STD,MSM9VZKI
MSMA26BN.tar,MSMA26BN,STD,MSMA26BN
MSMA26BR.tar,MSMA26BR,STD,MSMA26BR
MSMA26BT.tar,MSMA26BT,STD,MSMA26BT
MSMA26BV.tar,MSMA26BV,STD,MSMA26BV
MSMA26BX.tar,MSMA26BX,STD,MSMA26BX
MSMB4LZ8.tar,MSMB4LZ8,STD,MSMB4LZ8
SM-A1ZV6.tar,SM-A1ZV6,VIR,SM-A1ZV6
SM-A9F52.tar,SM-A9F52,VIR,SM-A9F52
SM-AIG6I.tar,SM-AIG6I,VIR,SM-AIG6I
SM-AKTYG.tar,SM-AKTYG,VIR,SM-AKTYG
SM-APDX2.tar,SM-APDX2,VIR,SM-APDX2
SM-AXTT2.tar,SM-AXTT2,VIR,SM-AXTT2
SM-B5F98.tar,SM-B5F98,VIR,SM-B5F98
SM-CP6EN.tar,SM-CP6EN,VIR,SM-CP6EN
MSM9VZN4_P.fastq.gz,MSM9VZN4_P,P,MSM9VZN4_P
MSM9VZLX_P.fastq.gz,MSM9VZLX_P,P,MSM9VZLX_P
MSM9VZLZ.tar,MSM9VZLZ,STD,MSM9VZLZ
MSM9VZNR.tar,MSM9VZNR,STD,MSM9VZNR
MSM9VZNX.tar,MSM9VZNX,STD,MSM9VZNX
MSM9VZNZ.tar,MSM9VZNZ,STD,MSM9VZNZ
MSM9VZO2.tar,MSM9VZO2,STD,MSM9VZO2
MSM9VZIM.tar,MSM9VZIM,STD,MSM9VZIM
MSM9VZIO.tar,MSM9VZIO,STD,MSM9VZIO
MSM9VZIQ.tar,MSM9VZIQ,STD,MSM9VZIQ
MSM9VZIS.tar,MSM9VZIS,STD,MSM9VZIS
MSM9VZIU.tar,MSM9VZIU,STD,MSM9VZIU
MSM9VZIW.tar,MSM9VZIW,STD,MSM9VZIW
MSMAPC55.tar,MSMAPC55,STD,MSMAPC55
MSMAPC57.tar,MSMAPC57,STD,MSMAPC57
MSMAPC59.tar,MSMAPC59,STD,MSMAPC59
MSMAPC5B.tar,MSMAPC5B,STD,MSMAPC5B
MSMAPC5D.tar,MSMAPC5D,STD,MSMAPC5D
MSMB4LZP.tar,MSMB4LZP,STD,MSMB4LZP
MSMB4LZR.tar,MSMB4LZR,STD,MSMB4LZR
SM-AFSI1.tar,SM-AFSI1,VIR,SM-AFSI1
SM-AN5G2.tar,SM-AN5G2,VIR,SM-AN5G2
SM-ARMC1.tar,SM-ARMC1,VIR,SM-ARMC1
SM-BZNKE.tar,SM-BZNKE,VIR,SM-BZNKE
SM-CKJ6U.tar,SM-CKJ6U,VIR,SM-CKJ6U
SM-COSYA.tar,SM-COSYA,VIR,SM-COSYA
MSM9VZMM.tar,MSM9VZMM,STD,MSM9VZMM
MSM9VZMO.tar,MSM9VZMO,STD,MSM9VZMO
MSM9VZMS.tar,MSM9VZMS,STD,MSM9VZMS
MSM9VZMU.tar,MSM9VZMU,STD,MSM9VZMU
MSM9VZMW.tar,MSM9VZMW,STD,MSM9VZMW
MSM9VZL7.tar,MSM9VZL7,STD,MSM9VZL7
MSM9VZL9.tar,MSM9VZL9,STD,MSM9VZL9
MSM9VZLB.tar,MSM9VZLB,STD,MSM9VZLB
MSM9VZLD.tar,MSM9VZLD,STD,MSM9VZLD
MSM9VZLF.tar,MSM9VZLF,STD,MSM9VZLF
MSM9VZLH.tar,MSM9VZLH,STD,MSM9VZLH
MSMA26BB.tar,MSMA26BB,STD,MSMA26BB
MSMA26BD.tar,MSMA26BD,STD,MSMA26BD
MSMA26BF.tar,MSMA26BF,STD,MSMA26BF
MSMA26BH.tar,MSMA26BH,STD,MSMA26BH
MSMA26BJ.tar,MSMA26BJ,STD,MSMA26BJ
MSMA26BL.tar,MSMA26BL,STD,MSMA26BL
MSMAPC6K.tar,MSMAPC6K,STD,MSMAPC6K
MSMAPC6M.tar,MSMAPC6M,STD,MSMAPC6M
MSMAPC6O.tar,MSMAPC6O,STD,MSMAPC6O
MSMB4LZZ.tar,MSMB4LZZ,STD,MSMB4LZZ
MSMB4LZV.tar,MSMB4LZV,STD,MSMB4LZV
MSMB4LZX.tar,MSMB4LZX,STD,MSMB4LZX
SM-A47RR.tar,SM-A47RR,VIR,SM-A47RR
SM-A77W1.tar,SM-A77W1,VIR,SM-A77W1
SM-AF6MH.tar,SM-AF6MH,VIR,SM-AF6MH
SM-AKTXR.tar,SM-AKTXR,VIR,SM-AKTXR
SM-AMVF5.tar,SM-AMVF5,VIR,SM-AMVF5
SM-BZWMY.tar,SM-BZWMY,VIR,SM-BZWMY
SM-CMUKQ.tar,SM-CMUKQ,VIR,SM-CMUKQ
MSM9VZM4_P.fastq.gz,MSM9VZM4_P,P,MSM9VZM4_P
MSM9VZPH.tar,MSM9VZPH,STD,MSM9VZPH
MSM9VZPL.tar,MSM9VZPL,STD,MSM9VZPL
MSM9VZPN.tar,MSM9VZPN,STD,MSM9VZPN
MSM9VZIY.tar,MSM9VZIY,STD,MSM9VZIY
MSM9VZJ3.tar,MSM9VZJ3,STD,MSM9VZJ3
MSMA26CV.tar,MSMA26CV,STD,MSMA26CV
MSMA26CX.tar,MSMA26CX,STD,MSMA26CX
MSMAPC6A.tar,MSMAPC6A,STD,MSMAPC6A
MSMAPC6C.tar,MSMAPC6C,STD,MSMAPC6C
MSMAPC6E.tar,MSMAPC6E,STD,MSMAPC6E
MSMAPC6G.tar,MSMAPC6G,STD,MSMAPC6G
MSMB4LXY.tar,MSMB4LXY,STD,MSMB4LXY
MSMB4LYB.tar,MSMB4LYB,STD,MSMB4LYB
SM-ACKUZ.tar,SM-ACKUZ,VIR,SM-ACKUZ
SM-AG2E2.tar,SM-AG2E2,VIR,SM-AG2E2
SM-ANU6G.tar,SM-ANU6G,VIR,SM-ANU6G
SM-ARMBP.tar,SM-ARMBP,VIR,SM-ARMBP
SM-B58FT.tar,SM-B58FT,VIR,SM-B58FT
SM-C1MZ2.tar,SM-C1MZ2,VIR,SM-C1MZ2
SM-CHS71.tar,SM-CHS71,VIR,SM-CHS71
SM-CTLFW.tar,SM-CTLFW,VIR,SM-CTLFW
MSM9VZJJ_P.fastq.gz,MSM9VZJJ_P,P,MSM9VZJJ_P
MSM9VZJF_P.fastq.gz,MSM9VZJF_P,P,MSM9VZJF_P
MSM9VZL5.tar,MSM9VZL5,STD,MSM9VZL5
MSMA26DM.tar,MSMA26DM,STD,MSMA26DM
MSMA26DG.tar,MSMA26DG,STD,MSMA26DG
MSMA26DI.tar,MSMA26DI,STD,MSMA26DI
MSMA26DO.tar,MSMA26DO,STD,MSMA26DO
MSMA26DK.tar,MSMA26DK,STD,MSMA26DK
MSMAPC5H.tar,MSMAPC5H,STD,MSMAPC5H
MSMAPC5L.tar,MSMAPC5L,STD,MSMAPC5L
MSMB4LXW.tar,MSMB4LXW,STD,MSMB4LXW
MSMB4LXS.tar,MSMB4LXS,STD,MSMB4LXS
MSMB4LZK.tar,MSMB4LZK,STD,MSMB4LZK
SM-AKTY2.tar,SM-AKTY2,VIR,SM-AKTY2
SM-APDXU.tar,SM-APDXU,VIR,SM-APDXU
SM-AVDBD.tar,SM-AVDBD,VIR,SM-AVDBD
SM-AVR6V.tar,SM-AVR6V,VIR,SM-AVR6V
SM-C1MYX.tar,SM-C1MYX,VIR,SM-C1MYX
SM-CJNBG.tar,SM-CJNBG,VIR,SM-CJNBG
SM-CTTKX.tar,SM-CTTKX,VIR,SM-CTTKX
MSMA267V.tar,MSMA267V,STD,MSMA267V
MSMA267X.tar,MSMA267X,STD,MSMA267X
MSMA2684.tar,MSMA2684,STD,MSMA2684
MSMAPC5Z.tar,MSMAPC5Z,STD,MSMAPC5Z
MSMAPC66.tar,MSMAPC66,STD,MSMAPC66
MSMAPC64.tar,MSMAPC64,STD,MSMAPC64
MSMB4LYH.tar,MSMB4LYH,STD,MSMB4LYH
SM-APDWR.tar,SM-APDWR,VIR,SM-APDWR
SM-B58FX.tar,SM-B58FX,VIR,SM-B58FX
SM-CRP6D.tar,SM-CRP6D,VIR,SM-CRP6D
PSM6XBQM_P.fastq.gz,PSM6XBQM_P,P,PSM6XBQM_P
PSM6XBQS.tar,PSM6XBQS,STD,PSM6XBQS
PSM6XBQU.tar,PSM6XBQU,STD,PSM6XBQU
PSM6XBQY.tar,PSM6XBQY,STD,PSM6XBQY
PSM6XBQY_TR.tar,PSM6XBQY_TR,TR,PSM6XBQY_TR
PSM6XBR1.tar,PSM6XBR1,STD,PSM6XBR1
PSM6XBSS.tar,PSM6XBSS,STD,PSM6XBSS
PSM6XBSU.tar,PSM6XBSU,STD,PSM6XBSU
PSM6XBSU_TR.tar,PSM6XBSU_TR,TR,PSM6XBSU_TR
PSM6XBT1.tar,PSM6XBT1,STD,PSM6XBT1
PSM7J1C8.tar,PSM7J1C8,STD,PSM7J1C8
PSM7J1CC.tar,PSM7J1CC,STD,PSM7J1CC
PSM7J1CG.tar,PSM7J1CG,STD,PSM7J1CG
PSM7J1CI.tar,PSM7J1CI,STD,PSM7J1CI
PSM7J136.tar,PSM7J136,STD,PSM7J136
PSM7J13E.tar,PSM7J13E,STD,PSM7J13E
SM-791AV.tar,SM-791AV,VIR,SM-791AV
SM-7CRWY.tar,SM-7CRWY,VIR,SM-7CRWY
SM-7KPV9.tar,SM-7KPV9,VIR,SM-7KPV9
SM-9P5FP.tar,SM-9P5FP,VIR,SM-9P5FP
SM-9XIP8.tar,SM-9XIP8,VIR,SM-9XIP8
SM-A2HYV.tar,SM-A2HYV,VIR,SM-A2HYV
SM-ACTNV.tar,SM-ACTNV,VIR,SM-ACTNV
PSM6XBRK_P.fastq.gz,PSM6XBRK_P,P,PSM6XBRK_P
PSM6XBRK.tar,PSM6XBRK,STD,PSM6XBRK
PSM6XBRK_TR.tar,PSM6XBRK_TR,TR,PSM6XBRK_TR
PSM6XBS2_P.fastq.gz,PSM6XBS2_P,P,PSM6XBS2_P
PSM6XBS4_P.fastq.gz,PSM6XBS4_P,P,PSM6XBS4_P
PSM6XBS4.tar,PSM6XBS4,STD,PSM6XBS4
PSM6XBS8.tar,PSM6XBS8,STD,PSM6XBS8
PSM6XBSA.tar,PSM6XBSA,STD,PSM6XBSA
PSM6XBSC_P.fastq.gz,PSM6XBSC_P,P,PSM6XBSC_P
PSM6XBTF_P.fastq.gz,PSM6XBTF_P,P,PSM6XBTF_P
PSM6XBTH_P.fastq.gz,PSM6XBTH_P,P,PSM6XBTH_P
PSM6XBTL.tar,PSM6XBTL,STD,PSM6XBTL
PSM6XBTN_P.fastq.gz,PSM6XBTN_P,P,PSM6XBTN_P
PSM6XBTP.tar,PSM6XBTP,STD,PSM6XBTP
PSM7J1CK_P.fastq.gz,PSM7J1CK_P,P,PSM7J1CK_P
PSM7J1CS_P.fastq.gz,PSM7J1CS_P,P,PSM7J1CS_P
PSM7J1CU.tar,PSM7J1CU,STD,PSM7J1CU
PSM7J13U_P.fastq.gz,PSM7J13U_P,P,PSM7J13U_P
PSM7J13Y_P.fastq.gz,PSM7J13Y_P,P,PSM7J13Y_P
PSM7J13Y.tar,PSM7J13Y,STD,PSM7J13Y
PSM7J141.tar,PSM7J141,STD,PSM7J141
PSM7J143_P.fastq.gz,PSM7J143_P,P,PSM7J143_P
SM-791B4.tar,SM-791B4,VIR,SM-791B4
SM-7CP2S.tar,SM-7CP2S,VIR,SM-7CP2S
SM-9MNBF.tar,SM-9MNBF,VIR,SM-9MNBF
SM-A1ZUX.tar,SM-A1ZUX,VIR,SM-A1ZUX
SM-ACTNZ.tar,SM-ACTNZ,VIR,SM-ACTNZ
PSM6XBRM_P.fastq.gz,PSM6XBRM_P,P,PSM6XBRM_P
PSM6XBSI.tar,PSM6XBSI,STD,PSM6XBSI
PSM6XBSO.tar,PSM6XBSO,STD,PSM6XBSO
PSM6XBSM.tar,PSM6XBSM,STD,PSM6XBSM
PSM6XBSK.tar,PSM6XBSK,STD,PSM6XBSK
PSM6XBV2.tar,PSM6XBV2,STD,PSM6XBV2
PSM6XBV4.tar,PSM6XBV4,STD,PSM6XBV4
PSM6XBUG.tar,PSM6XBUG,STD,PSM6XBUG
PSM6XBUI.tar,PSM6XBUI,STD,PSM6XBUI
PSM6XBUM.tar,PSM6XBUM,STD,PSM6XBUM
PSM6XBUK.tar,PSM6XBUK,STD,PSM6XBUK
PSM6XBUQ.tar,PSM6XBUQ,STD,PSM6XBUQ
PSM6XBUO.tar,PSM6XBUO,STD,PSM6XBUO
PSM7J18E.tar,PSM7J18E,STD,PSM7J18E
PSM7J18G.tar,PSM7J18G,STD,PSM7J18G
PSM7J18I.tar,PSM7J18I,STD,PSM7J18I
PSM7J18K.tar,PSM7J18K,STD,PSM7J18K
PSM7J18M.tar,PSM7J18M,STD,PSM7J18M
PSM7J14L.tar,PSM7J14L,STD,PSM7J14L
PSM7J14N.tar,PSM7J14N,STD,PSM7J14N
PSM7J14P.tar,PSM7J14P,STD,PSM7J14P
PSM7J14R.tar,PSM7J14R,STD,PSM7J14R
PSM7J14T.tar,PSM7J14T,STD,PSM7J14T
SM-7DN38.tar,SM-7DN38,VIR,SM-7DN38
SM-7EWSN.tar,SM-7EWSN,VIR,SM-7EWSN
SM-7GYIW.tar,SM-7GYIW,VIR,SM-7GYIW
SM-7KMRD.tar,SM-7KMRD,VIR,SM-7KMRD
SM-7M8RV.tar,SM-7M8RV,VIR,SM-7M8RV
SM-7R3AF.tar,SM-7R3AF,VIR,SM-7R3AF
SM-9IMBP.tar,SM-9IMBP,VIR,SM-9IMBP
SM-9NBDT.tar,SM-9NBDT,VIR,SM-9NBDT
SM-9QMQ2.tar,SM-9QMQ2,VIR,SM-9QMQ2
SM-9VWBA.tar,SM-9VWBA,VIR,SM-9VWBA
SM-9XG81.tar,SM-9XG81,VIR,SM-9XG81
SM-9ZA1U.tar,SM-9ZA1U,VIR,SM-9ZA1U
SM-A2J34.tar,SM-A2J34,VIR,SM-A2J34
SM-A4O3F.tar,SM-A4O3F,VIR,SM-A4O3F
SM-A9F6H.tar,SM-A9F6H,VIR,SM-A9F6H
SM-ACTMJ.tar,SM-ACTMJ,VIR,SM-ACTMJ
SM-AFCJZ.tar,SM-AFCJZ,VIR,SM-AFCJZ
SM-AGUM9.tar,SM-AGUM9,VIR,SM-AGUM9
PSM6XBSE_P.fastq.gz,PSM6XBSE_P,P,PSM6XBSE_P
PSM6XBSE.tar,PSM6XBSE,STD,PSM6XBSE
PSM6XBVI.tar,PSM6XBVI,STD,PSM6XBVI
PSM6XBVK.tar,PSM6XBVK,STD,PSM6XBVK
PSM6XBVM.tar,PSM6XBVM,STD,PSM6XBVM
PSM6XBVO.tar,PSM6XBVO,STD,PSM6XBVO
PSM6XBVQ.tar,PSM6XBVQ,STD,PSM6XBVQ
PSM6XBVS.tar,PSM6XBVS,STD,PSM6XBVS
PSM7J1B7.tar,PSM7J1B7,STD,PSM7J1B7
PSM7J1B9.tar,PSM7J1B9,STD,PSM7J1B9
PSM7J1BB.tar,PSM7J1BB,STD,PSM7J1BB
PSM7J1BD.tar,PSM7J1BD,STD,PSM7J1BD
PSM7J1BF.tar,PSM7J1BF,STD,PSM7J1BF
PSM7J1BH.tar,PSM7J1BH,STD,PSM7J1BH
PSM7J18Q.tar,PSM7J18Q,STD,PSM7J18Q
SM-7EWRZ.tar,SM-7EWRZ,VIR,SM-7EWRZ
SM-7H4H6.tar,SM-7H4H6,VIR,SM-7H4H6
SM-9NK5X.tar,SM-9NK5X,VIR,SM-9NK5X
SM-9SIIV.tar,SM-9SIIV,VIR,SM-9SIIV
SM-A77W9.tar,SM-A77W9,VIR,SM-A77W9
PSM6XBSG_P.fastq.gz,PSM6XBSG_P,P,PSM6XBSG_P
PSM6XBT3.tar,PSM6XBT3,STD,PSM6XBT3
PSM6XBT5.tar,PSM6XBT5,STD,PSM6XBT5
PSM6XBT7.tar,PSM6XBT7,STD,PSM6XBT7
PSM6XBT9.tar,PSM6XBT9,STD,PSM6XBT9
PSM6XBTB.tar,PSM6XBTB,STD,PSM6XBTB
PSM6XBTD.tar,PSM6XBTD,STD,PSM6XBTD
PSM7J1AM.tar,PSM7J1AM,STD,PSM7J1AM
PSM7J1AS.tar,PSM7J1AS,STD,PSM7J1AS
PSM7J1AU.tar,PSM7J1AU,STD,PSM7J1AU
PSM7J1AO.tar,PSM7J1AO,STD,PSM7J1AO
PSM7J1AQ.tar,PSM7J1AQ,STD,PSM7J1AQ
PSM7J1AW.tar,PSM7J1AW,STD,PSM7J1AW
PSM7J193.tar,PSM7J193,STD,PSM7J193
PSM7J127.tar,PSM7J127,STD,PSM7J127
PSM7J129.tar,PSM7J129,STD,PSM7J129
PSM7J12B.tar,PSM7J12B,STD,PSM7J12B
PSM7J12D.tar,PSM7J12D,STD,PSM7J12D
PSM7J12F.tar,PSM7J12F,STD,PSM7J12F
PSM7J169.tar,PSM7J169,STD,PSM7J169
PSM7J16F.tar,PSM7J16F,STD,PSM7J16F
PSM7J16B.tar,PSM7J16B,STD,PSM7J16B
PSM7J16H.tar,PSM7J16H,STD,PSM7J16H
SM-7H4GR.tar,SM-7H4GR,VIR,SM-7H4GR
SM-7M8RR.tar,SM-7M8RR,VIR,SM-7M8RR
SM-9YHLA.tar,SM-9YHLA,VIR,SM-9YHLA
SM-A9U2H.tar,SM-A9U2H,VIR,SM-A9U2H
PSM6XBTR.tar,PSM6XBTR,STD,PSM6XBTR
PSM6XBTT.tar,PSM6XBTT,STD,PSM6XBTT
PSM6XBTX.tar,PSM6XBTX,STD,PSM6XBTX
PSM6XBTZ_P.fastq.gz,PSM6XBTZ_P,P,PSM6XBTZ_P
PSM6XBU2.tar,PSM6XBU2,STD,PSM6XBU2
PSM7J1DF.tar,PSM7J1DF,STD,PSM7J1DF
PSM7J1DL.tar,PSM7J1DL,STD,PSM7J1DL
PSM7J14X.tar,PSM7J14X,STD,PSM7J14X
PSM7J154.tar,PSM7J154,STD,PSM7J154
PSM7J156.tar,PSM7J156,STD,PSM7J156
SM-A8MJR.tar,SM-A8MJR,VIR,SM-A8MJR
SM-AF6NI.tar,SM-AF6NI,VIR,SM-AF6NI
PSM6XBVY_P.fastq.gz,PSM6XBVY_P,P,PSM6XBVY_P
PSM7J199.tar,PSM7J199,STD,PSM7J199
PSM7J19B.tar,PSM7J19B,STD,PSM7J19B
PSM7J19F.tar,PSM7J19F,STD,PSM7J19F
PSM7J19H.tar,PSM7J19H,STD,PSM7J19H
PSM7J19J.tar,PSM7J19J,STD,PSM7J19J
PSM7J17L.tar,PSM7J17L,STD,PSM7J17L
PSM7J17T.tar,PSM7J17T,STD,PSM7J17T
PSM7J158.tar,PSM7J158,STD,PSM7J158
PSM7J15A.tar,PSM7J15A,STD,PSM7J15A
PSM7J15G.tar,PSM7J15G,STD,PSM7J15G
PSM7J15I.tar,PSM7J15I,STD,PSM7J15I
PSMA265N.tar,PSMA265N,STD,PSMA265N
PSMA265T.tar,PSMA265T,STD,PSMA265T
SM-7MX7Z.tar,SM-7MX7Z,VIR,SM-7MX7Z
SM-7RFYI.tar,SM-7RFYI,VIR,SM-7RFYI
SM-9KOP2.tar,SM-9KOP2,VIR,SM-9KOP2
SM-9QMNE.tar,SM-9QMNE,VIR,SM-9QMNE
SM-9VWAV.tar,SM-9VWAV,VIR,SM-9VWAV
SM-A9F5U.tar,SM-A9F5U,VIR,SM-A9F5U
SM-ARMCD.tar,SM-ARMCD,VIR,SM-ARMCD
PSM6XBW1_P.fastq.gz,PSM6XBW1_P,P,PSM6XBW1_P
PSM7J19N.tar,PSM7J19N,STD,PSM7J19N
PSM7J19P.tar,PSM7J19P,STD,PSM7J19P
PSM7J19R.tar,PSM7J19R,STD,PSM7J19R
PSM7J19T.tar,PSM7J19T,STD,PSM7J19T
PSM7J16U.tar,PSM7J16U,STD,PSM7J16U
PSM7J16W.tar,PSM7J16W,STD,PSM7J16W
PSM7J16Y.tar,PSM7J16Y,STD,PSM7J16Y
PSM7J171.tar,PSM7J171,STD,PSM7J171
PSM7J173.tar,PSM7J173,STD,PSM7J173
SM-7T2LJ.tar,SM-7T2LJ,VIR,SM-7T2LJ
SM-9HYXU.tar,SM-9HYXU,VIR,SM-9HYXU
SM-ACTOG.tar,SM-ACTOG,VIR,SM-ACTOG
SM-AETRB.tar,SM-AETRB,VIR,SM-AETRB
PSM6XBW3.tar,PSM6XBW3,STD,PSM6XBW3
PSM7J19X_P.fastq.gz,PSM7J19X_P,P,PSM7J19X_P
PSM7J19Z.tar,PSM7J19Z,STD,PSM7J19Z
PSM7J1A2.tar,PSM7J1A2,STD,PSM7J1A2
PSM7J1A4.tar,PSM7J1A4,STD,PSM7J1A4
PSM7J1A6.tar,PSM7J1A6,STD,PSM7J1A6
PSM7J1A8.tar,PSM7J1A8,STD,PSM7J1A8
PSM7J17V.tar,PSM7J17V,STD,PSM7J17V
PSM7J17X.tar,PSM7J17X,STD,PSM7J17X
PSM7J17Z.tar,PSM7J17Z,STD,PSM7J17Z
PSM7J182.tar,PSM7J182,STD,PSM7J182
PSM7J184.tar,PSM7J184,STD,PSM7J184
PSM7J186.tar,PSM7J186,STD,PSM7J186
PSM7J15K.tar,PSM7J15K,STD,PSM7J15K
PSM7J15M.tar,PSM7J15M,STD,PSM7J15M
PSM7J15O.tar,PSM7J15O,STD,PSM7J15O
PSM7J15Q.tar,PSM7J15Q,STD,PSM7J15Q
PSM7J15S.tar,PSM7J15S,STD,PSM7J15S
PSM7J15U.tar,PSM7J15U,STD,PSM7J15U
PSMA265D.tar,PSMA265D,STD,PSMA265D
PSMA265F.tar,PSMA265F,STD,PSMA265F
PSMA265L.tar,PSMA265L,STD,PSMA265L
PSMA265J.tar,PSMA265J,STD,PSMA265J
PSMA265J_TR.tar,PSMA265J_TR,TR,PSMA265J_TR
PSMA265H.tar,PSMA265H,STD,PSMA265H
SM-9J5IS.tar,SM-9J5IS,VIR,SM-9J5IS
SM-9NBDP.tar,SM-9NBDP,VIR,SM-9NBDP
SM-9SNKC.tar,SM-9SNKC,VIR,SM-9SNKC
SM-9VW8U.tar,SM-9VW8U,VIR,SM-9VW8U
SM-9XG7U.tar,SM-9XG7U,VIR,SM-9XG7U
SM-9ZA5Q.tar,SM-9ZA5Q,VIR,SM-9ZA5Q
SM-A1ZWL.tar,SM-A1ZWL,VIR,SM-A1ZWL
SM-A4O3L.tar,SM-A4O3L,VIR,SM-A4O3L
SM-ACTMR.tar,SM-ACTMR,VIR,SM-ACTMR
SM-AF6MB.tar,SM-AF6MB,VIR,SM-AF6MB
SM-AGUM1.tar,SM-AGUM1,VIR,SM-AGUM1
SM-AMR1R.tar,SM-AMR1R,VIR,SM-AMR1R
SM-APDXY.tar,SM-APDXY,VIR,SM-APDXY
SM-ARGG8.tar,SM-ARGG8,VIR,SM-ARGG8
SM-ASN2T.tar,SM-ASN2T,VIR,SM-ASN2T
PSM7J1BJ.tar,PSM7J1BJ,STD,PSM7J1BJ
PSM7J1BL.tar,PSM7J1BL,STD,PSM7J1BL
PSM7J1BN_P.fastq.gz,PSM7J1BN_P,P,PSM7J1BN_P
PSM7J1BP.tar,PSM7J1BP,STD,PSM7J1BP
PSM7J1BR.tar,PSM7J1BR,STD,PSM7J1BR
PSM7J12J.tar,PSM7J12J,STD,PSM7J12J
PSM7J12R.tar,PSM7J12R,STD,PSM7J12R
PSMA263M.tar,PSMA263M,STD,PSMA263M
PSMA263S.tar,PSMA263S,STD,PSMA263S
PSMA263U.tar,PSMA263U,STD,PSMA263U
PSMA263W.tar,PSMA263W,STD,PSMA263W
SM-9U1UP.tar,SM-9U1UP,VIR,SM-9U1UP
SM-9ZA1X.tar,SM-9ZA1X,VIR,SM-9ZA1X
SM-A9J96.tar,SM-A9J96,VIR,SM-A9J96
SM-APR9N.tar,SM-APR9N,VIR,SM-APR9N
PSM7J1BV.tar,PSM7J1BV,STD,PSM7J1BV
PSM7J1BX.tar,PSM7J1BX,STD,PSM7J1BX
PSM7J1C2_P.fastq.gz,PSM7J1C2_P,P,PSM7J1C2_P
PSM7J1C4.tar,PSM7J1C4,STD,PSM7J1C4
PSM7J12V.tar,PSM7J12V,STD,PSM7J12V
PSM7J12Z.tar,PSM7J12Z,STD,PSM7J12Z
PSMA264K.tar,PSMA264K,STD,PSMA264K
PSM7J1B3_P.fastq.gz,PSM7J1B3_P,P,PSM7J1B3_P
PSM7J177.tar,PSM7J177,STD,PSM7J177
PSM7J179.tar,PSM7J179,STD,PSM7J179
PSM7J17B.tar,PSM7J17B,STD,PSM7J17B
PSM7J17D.tar,PSM7J17D,STD,PSM7J17D
PSM7J17F.tar,PSM7J17F,STD,PSM7J17F
PSM7J15W.tar,PSM7J15W,STD,PSM7J15W
PSM7J161.tar,PSM7J161,STD,PSM7J161
PSM7J163.tar,PSM7J163,STD,PSM7J163
PSMA2668.tar,PSMA2668,STD,PSMA2668
PSMA266C.tar,PSMA266C,STD,PSMA266C
SM-9OS66.tar,SM-9OS66,VIR,SM-9OS66
SM-9RRYZ.tar,SM-9RRYZ,VIR,SM-9RRYZ
SM-9Y4A1.tar,SM-9Y4A1,VIR,SM-9Y4A1
SM-A9F6B.tar,SM-A9F6B,VIR,SM-A9F6B
SM-AFCKA.tar,SM-AFCKA,VIR,SM-AFCKA
SM-AGUMX.tar,SM-AGUMX,VIR,SM-AGUMX
SM-APR9F.tar,SM-APR9F,VIR,SM-APR9F
PSM7J13I.tar,PSM7J13I,STD,PSM7J13I
PSM7J13K.tar,PSM7J13K,STD,PSM7J13K
PSM7J13Q.tar,PSM7J13Q,STD,PSM7J13Q
PSM7J13M.tar,PSM7J13M,STD,PSM7J13M
PSMA2651_P.fastq.gz,PSMA2651_P,P,PSMA2651_P
PSMA2653.tar,PSMA2653,STD,PSMA2653
PSMA2659.tar,PSMA2659,STD,PSMA2659
PSMA265B.tar,PSMA265B,STD,PSMA265B
PSMA267D.tar,PSMA267D,STD,PSMA267D
PSMA267F.tar,PSMA267F,STD,PSMA267F
PSMA267H.tar,PSMA267H,STD,PSMA267H
SM-AADLE.tar,SM-AADLE,VIR,SM-AADLE
SM-ARMD7.tar,SM-ARMD7,VIR,SM-ARMD7
PSMA264O.tar,PSMA264O,STD,PSMA264O
PSMA264Q.tar,PSMA264Q,STD,PSMA264Q
PSMA264S.tar,PSMA264S,STD,PSMA264S
PSMA264U.tar,PSMA264U,STD,PSMA264U
PSMA264W.tar,PSMA264W,STD,PSMA264W
PSMA267J.tar,PSMA267J,STD,PSMA267J
PSMA267P.tar,PSMA267P,STD,PSMA267P
PSMA267R.tar,PSMA267R,STD,PSMA267R
PSMB4MBK.tar,PSMB4MBK,STD,PSMB4MBK
PSMB4MBI.tar,PSMB4MBI,STD,PSMB4MBI
PSMB4MC7.tar,PSMB4MC7,STD,PSMB4MC7
SM-AKTYQ.tar,SM-AKTYQ,VIR,SM-AKTYQ
SM-AMR2R.tar,SM-AMR2R,VIR,SM-AMR2R
SM-ATLL3.tar,SM-ATLL3,VIR,SM-ATLL3
SM-B1JO6.tar,SM-B1JO6,VIR,SM-B1JO6
SM-B3Z96.tar,SM-B3Z96,VIR,SM-B3Z96
SM-CHS75.tar,SM-CHS75,VIR,SM-CHS75
SM-CL4HM.tar,SM-CL4HM,VIR,SM-CL4HM
PSM7J4EF.tar,PSM7J4EF,STD,PSM7J4EF
PSMA266I.tar,PSMA266I,STD,PSMA266I
PSMA266M.tar,PSMA266M,STD,PSMA266M
PSMA266O.tar,PSMA266O,STD,PSMA266O
PSMA266Q.tar,PSMA266Q,STD,PSMA266Q
PSMA269G.tar,PSMA269G,STD,PSMA269G
PSMA269O.tar,PSMA269O,STD,PSMA269O
PSMB4MBS.tar,PSMB4MBS,STD,PSMB4MBS
SM-AMR3O.tar,SM-AMR3O,VIR,SM-AMR3O
SM-ARMCP.tar,SM-ARMCP,VIR,SM-ARMCP
SM-AVADS.tar,SM-AVADS,VIR,SM-AVADS
SM-AYWP4.tar,SM-AYWP4,VIR,SM-AYWP4
SM-BZNL3.tar,SM-BZNL3,VIR,SM-BZNL3
SM-CL4HI.tar,SM-CL4HI,VIR,SM-CL4HI
PSMA265X.tar,PSMA265X,STD,PSMA265X
PSMA266U.tar,PSMA266U,STD,PSMA266U
PSMA266Y.tar,PSMA266Y,STD,PSMA266Y
PSMA2671.tar,PSMA2671,STD,PSMA2671
PSMA2675.tar,PSMA2675,STD,PSMA2675
PSMA269S.tar,PSMA269S,STD,PSMA269S
PSMA269W.tar,PSMA269W,STD,PSMA269W
PSMA26A1.tar,PSMA26A1,STD,PSMA26A1
PSMA26A3.tar,PSMA26A3,STD,PSMA26A3
PSMB4MC1.tar,PSMB4MC1,STD,PSMB4MC1
PSMB4MC3.tar,PSMB4MC3,STD,PSMB4MC3
PSMB4MC5.tar,PSMB4MC5,STD,PSMB4MC5
SM-AK8KU.tar,SM-AK8KU,VIR,SM-AK8KU
SM-AMR1K.tar,SM-AMR1K,VIR,SM-AMR1K
SM-AWQK6.tar,SM-AWQK6,VIR,SM-AWQK6
SM-AYWOV.tar,SM-AYWOV,VIR,SM-AYWOV
SM-B4LHR.tar,SM-B4LHR,VIR,SM-B4LHR
SM-CEFO8.tar,SM-CEFO8,VIR,SM-CEFO8
SM-CRT7Q.tar,SM-CRT7Q,VIR,SM-CRT7Q
